,0,1,2,3,4,5,6,7,8,9,10,11,12,13,14,15,16,17,18,19,20,21,22,23,24,25,26,27,28,29,30,31,32,33,34,35,36,37,38,39,40,41,42,43,44,45,46,47,48,49,50,51,52,53,54,55,56,57,58,59,60,61,62,63,64,65,66,67,68,69,70,71,72,73,74,75,76,77,78,79,80,81,82,83,84,85,86,87,88,89,90,91,92,93,94,95,96,97,98,99,100,101,102,103,104,105,106,107,108,109,110,111,112,113,114,115,116,117,118,119,120,121,122,123,124,125,126,127,128,129,130,131,132,133,134,135,136,137,138,139,140,141,142,143,144,145,146,147,148,149,150,151,152,153,154,155,156,157,158,159,160,161,162,163,164,165,166,167,168,169,170,171,172,173,174,175,176,177,178,179
1,0.01438905019313097,0.0028624641709029675,0.006641680374741554,0.010781366378068924,0.00878875982016325,0.0103755509480834,0.012367352843284607,-0.0027251173742115498,-0.009577183052897453,-0.004790600389242172,-0.004996688570827246,-0.014492655172944069,0.00513828918337822,-0.005605471786111593,-0.004907157737761736,-0.0017105970764532685,-0.0041204653680324554,0.007552454248070717,0.013860393315553665,0.010437997058033943,0.006861179135739803,0.011713849380612373,0.016931625083088875,0.0018183919601142406,-0.004626403097063303,-0.012105298228561878,-0.005113136023283005,0.007016981951892376,-0.010105292312800884,-0.010387956164777279,0.011829661205410957,-0.018999584019184113,-0.001260759076103568,-0.009955745190382004,-0.012729896232485771,0.005969478748738766,-0.0039017903618514538,-0.005398635286837816,0.0016586319543421268,-0.00828082486987114,-0.003963319584727287,-0.004915338009595871,-0.002636931836605072,-0.009741139598190784,-0.00734664686024189,-0.00759572209790349,0.0008273962885141373,-0.007721024565398693,-0.00012215645983815193,0.0005463147535920143,-0.001330764964222908,-0.0012965258210897446,-0.006651163566857576,-0.001509237103164196,-0.002560217399150133,0.0013455580919981003,-0.010411575436592102,-0.008471366949379444,-0.006728874519467354,-0.005299694836139679,0.0009714178740978241,-0.012067602016031742,-0.0086556077003479,-0.008598986081779003,-1.9404105842113495e-05,0.004649846348911524,-0.011940332129597664,-0.014067932963371277,-0.009191206656396389,-0.013530473224818707,-0.015007523819804192,-0.009058439172804356,-0.010091996751725674,-0.001978084212169051,0.00018513109534978867,0.0015508014475926757,-0.004629503004252911,-0.0009987254161387682,0.004960271064192057,0.0012249941937625408,0.003653791965916753,0.003735675010830164,-0.005782781634479761,-0.011258683167397976,-0.005169765092432499,-0.008476698771119118,-0.011502319015562534,0.0017490503378212452,-0.00901634618639946,-0.0014761415077373385,0.0015725312987342477,0.001380995148792863,0.002545110648497939,0.001883227378129959,-0.010970943607389927,-0.0035111200995743275,-0.008003124967217445,-0.011547328904271126,-0.003011628519743681,0.005311634391546249,0.010792979970574379,0.009519405663013458,0.012000180780887604,0.003438071347773075,0.004241353832185268,0.003401596564799547,0.009109029546380043,0.006029251031577587,0.0004650839837267995,-0.002554059959948063,0.004969930276274681,-0.003310385625809431,-0.0025031878612935543,-0.0005788183771073818,0.009410970844328403,-0.0007604751735925674,-0.0038915229961276054,-0.002086975146085024,-0.005020244978368282,-0.0039926553145051,0.008215997368097305,6.323796696960926e-05,0.003487109672278166,0.007153308019042015,0.0039048301987349987,0.0021577896550297737,0.013863936997950077,0.003871825523674488,0.002725280588492751,-0.006181956734508276,0.00023057777434587479,0.005238122772425413,0.0020732374396175146,0.0005793097661808133,0.003096885746344924,0.003468552604317665,0.0016985099064186215,0.005886725150048733,0.007053063716739416,0.009172933176159859,0.006003675516694784,0.006162472069263458,0.003321298398077488,-0.011875058524310589,-0.014519771561026573,0.006201997399330139,-0.0021737697534263134,-0.005586112849414349,-0.01281829085201025,-0.00264602224342525,-0.012806767597794533,-0.011343658901751041,0.011280682869255543,0.013327241875231266,0.016368985176086426,0.016982080414891243,0.007816393859684467,0.0012465720064938068,0.013364381156861782,0.019889499992132187,-0.02081480622291565,-0.012605439871549606,0.011453821323812008,-0.0016512289876118302,0.004162583500146866,0.004838419146835804,0.002863075118511915,0.0033892598003149033,0.005994327832013369,-0.010602865368127823,-0.002667841734364629,-0.002384218852967024,0.012901182286441326,0.0017726710066199303,0.006345116999000311,0.0018167346715927124,-0.007318574003875256,0.006305041257292032,-0.012485813349485397,-0.014819925650954247
2,0.012805022299289703,0.0064730048179626465,0.0018349029123783112,0.009801927953958511,0.008896716870367527,0.0056586614809930325,-0.0016126781702041626,-0.008072559721767902,-0.002841528505086899,0.003334500826895237,0.004794300999492407,0.008045102469623089,0.012106751091778278,0.0010377655271440744,0.007531759329140186,0.008266519755125046,0.004845508374273777,0.007735586725175381,0.007509005721658468,0.011111119762063026,-0.006900870241224766,-0.004410905763506889,0.017916975542902946,-0.00646949652582407,0.006237654015421867,0.00928739458322525,0.012508277781307697,0.015216035768389702,0.0003247675485908985,0.0018284427933394909,0.006979100406169891,-0.0064670369029045105,0.0036284676752984524,0.004841349553316832,-0.001463127788156271,-0.024669069796800613,-0.011476919986307621,-0.0046061365865170956,-0.018046364188194275,-0.009818870574235916,-0.01179568562656641,-0.0029783276841044426,-0.004735511727631092,-0.0040220217779278755,0.0032000867649912834,0.00948867667466402,0.0013704504817724228,0.006142850965261459,0.0019790148362517357,0.0014387466944754124,-0.004011695273220539,-8.841138333082199e-05,-0.0018296204507350922,-0.003931631334125996,-0.011048546992242336,0.0012399805709719658,-0.003921118564903736,-0.001459923223592341,-0.005720882676541805,-0.010451480746269226,-0.0066280672326684,-0.00035298976581543684,0.009625105187296867,-0.006625107489526272,-0.006054684054106474,-0.0029223777819424868,0.009179022163152695,0.0021781385876238346,0.0003921198658645153,0.0012532270047813654,-0.0017251487588509917,-0.0025085497181862593,0.011581525206565857,0.0050598131492733955,0.007314503192901611,0.005248338915407658,0.0058968584053218365,0.004129844717681408,0.016806358471512794,0.005587364546954632,0.005735371727496386,0.003808904904872179,0.008163074031472206,-0.000689550070092082,0.0008648083312436938,-0.000700830016285181,0.0034844966139644384,0.0023022869136184454,0.003735241014510393,0.005236469674855471,-0.004138006828725338,-0.007902288809418678,-0.0010639604879543185,-0.0027368003502488136,0.012221474200487137,0.001199270598590374,0.01116872113198042,0.0004758805735036731,-0.006587333045899868,-0.003711705096065998,-0.008120267651975155,-0.012483465485274792,-0.005696088075637817,-0.008724050596356392,-0.004570656456053257,0.00047392817214131355,0.0003266317071393132,-0.015228422358632088,-0.004687169566750526,-0.0029425083193928003,-0.0012384915025904775,-0.0036892977077513933,-0.007712262216955423,-0.011310995556414127,-0.012254646047949791,0.00343296118080616,0.0033847601152956486,-0.005307745188474655,0.0025673951022326946,-0.003860113210976124,0.010126993060112,-0.007755345664918423,-0.0006433338858187199,0.00048212846741080284,0.010304376482963562,0.0016946056857705116,-0.002052044030278921,0.006829231511801481,0.006455316208302975,0.007410978898406029,-0.004515668842941523,-0.003112142439931631,0.007098713889718056,0.004841812886297703,0.0024998660665005445,0.0005494584329426289,0.0030396864749491215,-0.002376321703195572,0.014872858300805092,0.014965996146202087,0.01429126039147377,0.00837718229740858,0.014161364175379276,0.0067376443184912205,0.0105981957167387,0.009958861395716667,-0.0027338657528162003,9.601842612028122e-05,0.005387277342379093,0.007294685114175081,0.009772419929504395,-0.005974979605525732,0.007181243505328894,0.0006851356010884047,-0.005613840185105801,0.002123050857335329,-0.002037950325757265,-0.0007639303803443909,0.020929750055074692,0.005426452495157719,0.01380076538771391,-0.00025804294273257256,-0.0005106355529278517,-0.0012753014452755451,-0.0034405242186039686,-0.0046957205049693584,-0.00682721147313714,-0.005780692677944899,0.0008115920936688781,0.005521742161363363,0.003181127365678549,-0.005559628363698721,-0.008349437266588211,0.0020478563383221626,0.008025132119655609,0.0002748314291238785,-0.0005502263084053993,-0.0019834113772958517,-0.004306249786168337,-0.0033556059934198856
3,-0.0025832606479525566,-0.005854477174580097,-0.005679887719452381,-0.0010930458083748817,-0.002142015378922224,-0.0017288345843553543,0.000760993454605341,-0.0022327136248350143,0.0008033066987991333,-0.006841248832643032,-0.009389214217662811,-0.0018277966883033514,-0.015197725966572762,0.0074742622673511505,0.014714784920215607,-0.021310463547706604,-0.01175533328205347,-0.007115015760064125,-0.011960532516241074,-0.010687822476029396,-0.004345267079770565,-0.0015110759995877743,-0.005398387089371681,-0.0012982790358364582,0.003390165511518717,0.0056403870694339275,0.008238640613853931,0.0038026331458240747,0.005178098101168871,0.017815008759498596,0.006883515045046806,0.009142778813838959,0.0011611245572566986,0.003055090783163905,0.008516808971762657,-0.00658840499818325,-0.0026297601871192455,0.00749548664316535,-0.008997364901006222,-0.0013230321928858757,0.0034524775110185146,-0.013234482146799564,-0.0012449370697140694,-0.00334751233458519,-0.0040198941715061665,-0.017284778878092766,-0.015110501088202,-0.021133992820978165,-0.020806781947612762,-0.012883332557976246,-0.004888684488832951,-0.009258792735636234,0.0011868961155414581,-0.010502294637262821,-0.009096497669816017,-0.017907295376062393,0.006866282317787409,-0.0001711980439722538,0.000691831111907959,-0.0018907920457422733,0.006324083544313908,0.013642297126352787,0.010885569266974926,0.013840160332620144,0.005906751379370689,0.0032356614246964455,0.0016596571076661348,0.0023825103417038918,0.014326244592666626,0.0007066417019814253,0.005222813691943884,0.0034244367852807045,0.004025418311357498,-0.0004828955279663205,0.009153347462415695,0.008859571069478989,0.0032140645198524,-0.010637265630066395,-0.0026667234487831593,-0.01301542017608881,-0.002847506431862712,0.008981281891465187,0.0008422532118856907,-0.00367644801735878,0.007092107553035021,0.007663038559257984,0.010951817035675049,-0.000853197299875319,0.009400196373462677,-0.0018696733750402927,-0.0005237034638412297,0.00724053755402565,0.00305761257186532,0.010014759376645088,-0.015547971241176128,-0.010331995785236359,-0.0035299130249768496,0.003206169931218028,-0.009094860404729843,-0.0056374636478722095,0.005788683891296387,0.006224605720490217,0.004149122629314661,0.00397146213799715,-0.003271939232945442,-0.003958770539611578,-0.0040255216881632805,-0.002666272222995758,0.0009696639608591795,0.0028738249093294144,0.0005830063601024449,0.006590446922928095,-0.008877831511199474,-0.009180480614304543,-0.004481869749724865,-0.01364081259816885,-0.013632657937705517,0.002930660266429186,-0.0031029297970235348,0.00037814752431586385,-0.010165792889893055,0.006053148303180933,-0.0040038893930613995,-0.005437382496893406,-0.0038040161598473787,0.001397114945575595,0.0002754146698862314,0.002925378270447254,0.0008671910036355257,0.005092293489724398,0.0057747154496610165,0.005103544797748327,-0.003358051646500826,-0.0025504310615360737,6.039626896381378e-06,-0.0060892547480762005,-0.0027888529002666473,-0.01568279229104519,-0.002105770166963339,0.0018034526146948338,0.00544324517250061,-0.0010678645921871066,0.0028759108390659094,-0.004433939233422279,-0.0041379136964678764,-0.007372991647571325,-0.010742426849901676,-0.0019437219016253948,0.007627961225807667,0.008250908926129341,-0.00048171356320381165,-0.023182766512036324,-0.009788197465240955,0.0013225870206952095,-0.00143028749153018,-0.004486342426389456,-0.010254289023578167,-0.005378039553761482,-0.0014266036450862885,0.0007148697040975094,0.012093979865312576,0.009762166067957878,-0.002327921334654093,-0.0027140062302351,-0.00065601896494627,0.007609273307025433,0.002056791912764311,0.002494008745998144,0.0009087491780519485,0.009822175838053226,0.004646367393434048,0.007051342166960239,-0.0016279055271297693,-0.0020924373529851437,-0.004821105394512415,0.003674352541565895,0.0034674378111958504,0.0034094492439180613,0.015295956283807755,0.01095667202025652
4,0.012760408222675323,0.00955753680318594,0.007058483548462391,0.014623434282839298,0.012745587155222893,0.012185315601527691,0.02007785439491272,-0.0026111872866749763,0.0006247097626328468,-0.00019652815535664558,-0.0011804159730672836,0.0005758171319030225,0.013022693805396557,-0.005877841264009476,-0.009058794006705284,0.004023798741400242,-0.005313657224178314,0.003879526164382696,0.014057806693017483,0.010781786404550076,0.005678468383848667,0.01267518661916256,0.009020552970468998,0.0006824880838394165,0.0008703544735908508,-0.008333436213433743,-0.004901012871414423,0.005848293658345938,-0.012269767001271248,-0.011610008776187897,-0.002374215517193079,-0.01253209076821804,-0.01104845479130745,-0.018311453983187675,-0.014538113959133625,-0.0049097733572125435,-0.000971534289419651,-0.0009437873959541321,0.0018195807933807373,-0.004811503924429417,0.001173926517367363,0.00945619959384203,-0.00136489886790514,-0.005274593830108643,-0.0005128225311636925,-0.00315842148847878,0.009234686382114887,0.002258548280224204,0.002005940303206444,-0.0012294081971049309,0.008354416117072105,0.009404337964951992,-0.001820327714085579,-0.0008364040404558182,-0.004140665754675865,0.0019424455240368843,0.003265555016696453,-0.0016659516841173172,-0.0025467872619628906,-0.005165592767298222,-0.017548292875289917,-0.015175430104136467,-0.004244813695549965,-0.009945531375706196,-0.009599084965884686,-0.0014698816230520606,-0.01005786843597889,-0.014833612367510796,-0.010395277291536331,-0.005317742936313152,-0.00653223367407918,-0.008387281559407711,0.0019855692517012358,-0.001765672117471695,0.0025266818702220917,2.6150140911340714e-05,-0.0010426603257656097,-0.0018403390422463417,0.002783682197332382,0.0038417764008045197,0.011156676337122917,0.004223352298140526,-0.00021707150153815746,-0.005486515816301107,-0.0021656714379787445,-0.004058411344885826,-0.005889979191124439,-0.0004460848867893219,-0.0028103229124099016,-0.005563152953982353,-0.0016200006939470768,6.0142483562231064e-05,-0.00033043231815099716,-0.002009735908359289,-8.25873576104641e-05,-0.0021504824981093407,-0.009747175499796867,-0.016769297420978546,-0.0033501824364066124,-0.0008907373994588852,0.005196681246161461,-0.0018167896196246147,0.006178420037031174,0.0018432876095175743,0.0025837738066911697,0.0033170105889439583,0.006695026997476816,-0.0012928512878715992,-0.0033108219504356384,0.0031527115497738123,-8.878763765096664e-05,0.00013952539302408695,0.0014707292430102825,0.0020272275432944298,0.002616509795188904,0.0009684143587946892,-9.731343016028404e-05,-0.0022289101034402847,-0.0009832456707954407,0.0017828979762271047,0.007622722536325455,-0.001104302005842328,0.008288489654660225,0.0043739331886172295,0.0036059608682990074,0.002289780881255865,0.005169580690562725,0.005083178170025349,0.007686840370297432,0.00858408771455288,0.0017806366086006165,-0.000711432658135891,0.0005139205604791641,0.0009114905260503292,0.0052115097641944885,0.0008136544493027031,0.004466024227440357,-0.00031885039061307907,0.006360294297337532,0.00518224248662591,0.008294053375720978,0.0019315751269459724,0.0010491620050743222,-0.0030641350895166397,-0.004698308650404215,0.001277416362427175,0.003013134002685547,-0.0004968317225575447,-0.006439139600843191,-0.0019518453627824783,-0.0107645932585001,0.0026578446850180626,0.01089098583906889,0.012129458598792553,0.005281277932226658,0.001100360881537199,-0.0033993881661444902,0.0004833012353628874,0.009977946057915688,0.011861424893140793,-0.00446698535233736,-0.01535770669579506,0.008566235192120075,0.0001913304440677166,-0.0037558379117399454,-0.0007064677774906158,0.002769218757748604,0.00287560373544693,-0.0020494884811341763,-0.00835063960403204,-0.0011286928784102201,0.00606858404353261,0.0021621740888804197,0.0059149255976080894,0.002478560898452997,0.0038625113666057587,-0.0022766124457120895,0.0038632561918348074,-0.01452549546957016,-0.016428431496024132
5,-0.0076454151421785355,0.008287159726023674,-0.006713570095598698,-0.0017409063875675201,-0.0013052821159362793,-0.00046156905591487885,0.0024987030774354935,0.011101952753961086,0.015044568106532097,0.005982905626296997,0.0013378653675317764,0.0034694401547312737,-0.00042699137702584267,-0.0059427861124277115,-0.01062900573015213,-0.0007290742360055447,0.010731100104749203,0.0003806939348578453,0.001413134392350912,0.007438555359840393,0.008155914954841137,0.005031457170844078,0.007073964923620224,-0.006601149216294289,-0.002975374460220337,0.0028628986328840256,0.002623043954372406,-0.0070365373976528645,0.006328180432319641,0.0025830166414380074,-0.005084782838821411,-0.0007616300135850906,0.0053467415273189545,-0.008774038404226303,-0.005364724434912205,0.015028057619929314,-0.00035493355244398117,0.0036249468103051186,0.01331594679504633,0.007716863416135311,0.007459408603608608,0.009225076995790005,0.0024038031697273254,0.0007526148110628128,0.01269666850566864,0.0014051664620637894,0.009279515594244003,0.002911807969212532,0.008919207379221916,0.008669337257742882,0.015774425119161606,0.00809340737760067,0.012425580061972141,0.010353166610002518,0.0050444221124053,0.008798525668680668,0.0011637890711426735,0.0003931233659386635,0.006135742180049419,0.005630740895867348,0.006324235815554857,-0.002948202658444643,-0.0008680801838636398,0.0003253277391195297,-0.004697333090007305,0.006643471773713827,0.0029716361314058304,0.0038340575993061066,0.002857195446267724,0.004306842107325792,0.007309379521757364,0.005055360030382872,0.0011556176468729973,0.005343150347471237,-0.006727789528667927,-0.004940131679177284,-0.005845983512699604,0.002115899696946144,-0.0017341235652565956,0.0027676131576299667,-0.0031937428284436464,-0.0024006555322557688,0.0060330722481012344,0.004912896081805229,-0.0029704587068408728,0.0019901255145668983,-0.0006276844069361687,-0.0015142951160669327,-0.006808469537645578,-0.0008317632600665092,-0.005884572863578796,-0.001778717152774334,-0.001162265194579959,-0.004407201893627644,0.0010459981858730316,0.004739266820251942,0.004923534579575062,0.001492710318416357,-0.00402543880045414,0.002290426753461361,0.0033995825797319412,0.0036397306248545647,0.0006777141243219376,0.0016012173146009445,0.0012584663927555084,-0.004588587675243616,-0.0038265585899353027,-0.004385590087622404,-0.005264032632112503,-0.0018376943189650774,-0.0015530707314610481,-0.007209742907434702,-0.007892835885286331,-0.0020869020372629166,-7.429550169035792e-05,0.005423744209110737,0.006160734221339226,-0.002053050557151437,-0.0038679151330143213,0.0003734380006790161,-0.006380286067724228,-0.0010773586109280586,-0.007066762074828148,-0.0012058354914188385,-0.0018384583527222276,0.0007075016037560999,-0.007889503613114357,-0.0037472140975296497,-0.0047239456325769424,-0.007499184925109148,-0.00012770667672157288,-0.0009963042102754116,-0.002647476037964225,-0.0028063496574759483,-0.0037796045653522015,-0.0037674950435757637,-0.005222104489803314,0.0004527699202299118,-0.0026697395369410515,-0.009010689333081245,0.0008924431167542934,-0.00035745766945183277,0.003860879922285676,-0.0004414264112710953,0.001453944481909275,0.0046328091993927956,0.000991128385066986,0.00047265365719795227,-0.0017482447437942028,-0.005224019289016724,-0.005191796459257603,0.016967466101050377,0.0002493392676115036,-0.005279471166431904,-0.00422224635258317,0.007703699171543121,0.00098224519751966,0.0015887301415205002,0.013937616720795631,-0.008903298527002335,-0.0019476823508739471,-0.004268800374120474,-0.0018508825451135635,0.009856670163571835,0.0045357560738921165,0.0052628652192652225,-0.002978001721203327,-0.002803114941343665,-0.00660150358453393,-0.00444871187210083,-0.005502541549503803,0.0020712248515337706,-0.0037257757503539324,0.0023641306906938553,-0.0009802822023630142,-0.0035042106173932552,-0.0024177192244678736,-0.005026371218264103,0.0032201455906033516,0.0017584190936759114
6,-0.006508323829621077,-0.0032398239709436893,-0.0047010150738060474,-0.005579326301813126,-0.004224359057843685,-0.0034743519499897957,0.0009043659083545208,0.000444991048425436,0.004734049551188946,-0.005924796685576439,-0.0019575459882616997,-3.425171598792076e-05,-0.00893617607653141,0.0004815659485757351,-0.0017234091646969318,-0.007667673751711845,-0.00023529492318630219,-0.0008260489557869732,-0.007507001515477896,-0.0027671537827700377,-0.000873693497851491,-0.002433724934235215,-0.0037410100921988487,-0.0004495028406381607,-0.00094186095520854,0.0031415587291121483,0.0009591050329618156,0.0032791332341730595,0.0042641256004571915,0.007684467826038599,-0.00116028543561697,0.002419085241854191,0.0041177659295499325,0.00491303950548172,0.010268866084516048,-0.0015415680827572942,-0.0012698248028755188,-6.70216977596283e-05,-0.0008926801383495331,0.0038037551566958427,0.0004136962816119194,0.003084697760641575,-0.0037720948457717896,-0.00021246308460831642,-0.002030826173722744,-0.0007012682035565376,0.0056939879432320595,-0.001143578439950943,-0.002679102588444948,0.00023588817566633224,0.005102365277707577,0.0045538777485489845,0.0019348450005054474,0.006338098086416721,3.638584166765213e-05,0.0034955469891428947,0.007567176129668951,0.00517928134649992,-0.0009776861406862736,-0.0012334436178207397,0.0020212375093251467,0.0032112658955156803,0.003616268979385495,0.004943010397255421,0.0017827097326517105,0.005920894909650087,0.006378392688930035,0.0063735200092196465,0.005710247438400984,0.007941137999296188,0.006960339844226837,0.007228714879602194,0.00503207603469491,0.006564547307789326,0.003713189158588648,0.0037379327695816755,0.003096486208960414,0.0026313671842217445,-0.00260364543646574,-0.0001601213589310646,-0.0024234987795352936,0.004119194578379393,0.003258832497522235,0.0009529269300401211,0.0025122181978076696,-0.0027295600157231092,0.00629518972709775,0.0015395847149193287,0.0036808617878705263,0.0028895167633891106,-0.0013134025502949953,0.0009935295674949884,0.0009604503866285086,-6.928411312401295e-05,0.0014612376689910889,-0.0006177285686135292,0.005182435270398855,0.0055831861682236195,-0.005323751829564571,0.0006307852454483509,0.004302733577787876,-0.0025932504795491695,-0.0018819344695657492,-0.0032688574865460396,-0.0011551221832633018,0.0006089471280574799,-0.005971317179501057,0.0011065611615777016,0.000454628374427557,0.0012643299996852875,0.0010605619754642248,5.80537598580122e-05,-0.001132030040025711,-0.004291640128940344,0.004053597804158926,0.007828837260603905,0.008924400433897972,0.0023047570139169693,-0.0008429988520219922,0.0005526456516236067,-0.005913246423006058,-0.00017733348067849874,0.0020454726181924343,-3.6147888749837875e-05,0.0009368602186441422,-0.0022993674501776695,-0.0011381711810827255,0.003648366779088974,0.0019353656098246574,0.0023520593531429768,-9.076553396880627e-05,0.009283730760216713,0.001446656882762909,0.0023994327057152987,-0.00021317461505532265,-0.001754838041961193,-0.0021892921067774296,-0.0005024878773838282,-0.003694110084325075,-0.0026384489610791206,-0.005719383247196674,-0.0048282817006111145,-0.006506926380097866,0.005489202681928873,6.508873775601387e-05,-0.0034606829285621643,-0.0006381049752235413,0.0018566818907856941,0.007299212738871574,0.008026130497455597,0.008209300227463245,-0.0047580786049366,-0.00931992195546627,-0.002501201815903187,-0.0002107968321070075,-0.00347925559617579,0.005632058717310429,-0.008176164701581001,-0.003984913695603609,-0.008351444266736507,0.007430523168295622,0.006805736571550369,-0.0033866758458316326,-0.0007464378140866756,1.3350509107112885e-05,-0.00364474905654788,-0.0011402093805372715,-0.001692251767963171,-0.003621151437982917,0.002201756928116083,0.001607709564268589,0.00236631091684103,-0.0031569513957947493,-0.0007397090084850788,-2.1751824533566833e-05,0.00672501977533102,0.0037153454031795263,-0.0022528262343257666,-0.0015594146680086851,0.0034106974489986897
7,-0.007697325199842453,0.008971251547336578,-0.019571688026189804,-0.01060423068702221,-0.00883585773408413,0.0028222259134054184,-0.00359446182847023,0.00045066606253385544,0.003008679486811161,0.0042494358494877815,0.014513280242681503,0.007347919978201389,-0.01296259742230177,-0.008547939360141754,-0.013098266907036304,-0.00505879707634449,-9.26959328353405e-05,0.0029510254971683025,-0.007705699652433395,-0.009226059541106224,0.007050652522593737,0.004904981702566147,0.008520630188286304,0.012079528532922268,0.012649688869714737,0.0031364066526293755,-0.015772894024848938,0.011958202347159386,-0.01501426100730896,-0.011553126387298107,-0.019604945555329323,-0.004276528023183346,0.004868797026574612,-0.004112380091100931,-0.0038986895233392715,-0.004603258334100246,-0.01225779578089714,-0.008655451238155365,-0.0027354443445801735,-0.003301248885691166,0.005397507920861244,0.0016579516232013702,0.004822178743779659,-0.0031689731404185295,-0.012111818417906761,-0.0004659765399992466,-0.0006286236457526684,-0.0012636617757380009,0.00688170874491334,0.00383562408387661,0.002849290380254388,0.0030832206830382347,0.0023463834077119827,0.00407171156257391,0.004500625655055046,0.006925629451870918,-0.00691407173871994,0.002236792352050543,-0.0014411918818950653,0.0030548740178346634,-0.00018263421952724457,0.003635249100625515,0.006963467225432396,-0.0030568353831768036,0.009391925297677517,0.013182577677071095,0.0028499795589596033,-0.00106374965980649,0.008821520023047924,5.094497464597225e-05,-0.003942074254155159,0.0047820815816521645,0.007678548339754343,0.006637341342866421,0.0091397725045681,0.009270262904465199,0.00971224345266819,0.008696962147951126,0.018083356320858,0.013504792004823685,0.011344850063323975,0.009980692528188229,0.009235997684299946,-0.0016199592500925064,0.006890578661113977,-0.0005705459043383598,-0.0018125404603779316,0.0008169949287548661,0.002034017350524664,-0.0038692590314894915,0.006512091029435396,0.005276610609143972,-0.0026663397438824177,-0.0028043072670698166,0.003314682049676776,0.004801459610462189,0.0007871668785810471,-0.002823316492140293,0.005958533845841885,-0.0036525398027151823,0.008917126804590225,0.0035489839501678944,-0.0019588591530919075,0.011491960845887661,0.013187499716877937,0.00022684410214424133,0.015225391834974289,0.00018340535461902618,0.0018481593579053879,0.0037557336036115885,0.0023829611018300056,0.0009731152094900608,0.0021144766360521317,0.0025087352842092514,-0.0028809348586946726,0.007269731722772121,0.007422167807817459,0.0012373663485050201,-0.011572160758078098,-3.404403105378151e-05,-0.0201572272926569,0.002743791788816452,0.01478278823196888,0.017011841759085655,0.019423263147473335,-0.011133347637951374,-0.007102195639163256,0.022610139101743698,0.02040070667862892,0.016409680247306824,0.004302334506064653,0.006335833575576544,0.0029756566509604454,-0.0006890908116474748,0.011669167317450047,0.002969112480059266,0.014458460733294487,0.004557308740913868,0.007939767092466354,0.014133262448012829,0.005042714532464743,-0.022072434425354004,-0.007447356358170509,0.002062366809695959,0.0016906659584492445,-0.006152117624878883,0.004254027269780636,0.0022094575688242912,7.081474177539349e-05,0.004122158046811819,0.0014534066431224346,-0.017355291172862053,-0.02492239885032177,-0.0075253695249557495,-0.0024467178154736757,0.005554823204874992,0.0037073595449328423,-0.006395071744918823,0.0010026469826698303,-0.011587882414460182,-0.003833295777440071,-0.009068964049220085,-0.005135440267622471,0.004190331790596247,0.010989267379045486,0.00464294571429491,0.006629340350627899,0.0039878711104393005,0.0017575491219758987,0.005865751300007105,0.01410011388361454,0.001096679363399744,0.0019485391676425934,0.012297016568481922,0.01505967229604721,0.014269968494772911,-0.003371830563992262,0.004709258675575256,0.0010773129761219025,-0.001207396388053894
8,0.012947606854140759,0.003450028831139207,0.004544439259916544,0.016265278682112694,0.015083098784089088,0.01930825412273407,0.009990555234253407,-0.006544958800077438,-0.007713540457189083,-0.003468735609203577,-0.001438208855688572,-0.00039864215068519115,0.006058902945369482,-0.0018330304883420467,0.004519887734204531,0.012333094142377377,0.011502563953399658,0.010414598509669304,0.011829542927443981,0.018797919154167175,0.011881031095981598,0.015376519411802292,0.01008814200758934,-0.00310447346419096,0.004109262488782406,-0.005756445229053497,-0.001962789334356785,0.004603993147611618,-0.001717811799608171,-0.0027271006256341934,0.0056098513305187225,-0.010170583613216877,-0.0011070147156715393,-0.0036645783111453056,-0.008389044553041458,-0.00600518099963665,-0.003895515576004982,-0.0048879655078053474,-0.003853325266391039,-0.002583300694823265,-0.008911830373108387,0.002385547384619713,-0.003547040745615959,-0.0029212944209575653,0.001800484023988247,0.0029797768220305443,0.012307373806834221,0.0069093662314116955,0.008432159200310707,0.007923603057861328,-0.0007147248834371567,0.005582441575825214,-0.009667283855378628,0.003281981684267521,-0.005996417254209518,0.0003695324994623661,-0.011418474838137627,-0.008479306474328041,-0.0051862942054867744,-0.006236318498849869,-0.008920309133827686,-0.010781598277390003,-0.012788966298103333,-0.006713450886309147,-0.003565166611224413,-0.008189244195818901,-0.004386241547763348,-0.0041985842399299145,-0.008390146307647228,-0.010722554288804531,-0.0031919293105602264,-0.0025378381833434105,-0.008206344209611416,-0.005730171222239733,-0.002423495054244995,-9.941542521119118e-05,-0.0057973675429821014,-0.0025090593844652176,0.0016221203841269016,-0.001247519627213478,0.00023152073845267296,-0.0005334238521754742,-0.0035579048562794924,-0.005188022740185261,-0.004661371931433678,-0.0022312821820378304,-0.004786369390785694,0.0002884003333747387,-0.008843330666422844,-0.00327719422057271,-0.0038571180775761604,-0.0011674585985019803,-0.002105099381878972,-0.0006244429387152195,0.005262771155685186,0.004659261554479599,0.002805235330015421,-0.004187142476439476,0.003959787543863058,-0.0018903524614870548,0.002410033717751503,0.0002447115257382393,-0.00701682735234499,-0.00240722531452775,0.00638556107878685,-0.0028966711834073067,0.0015903599560260773,-0.006518755108118057,-0.004732227418571711,-0.005058678798377514,-0.009011258371174335,-0.005913754925131798,-0.001734783872961998,-0.0029993588104844093,0.003438756335526705,0.01081482507288456,0.008067619986832142,-0.0016129706054925919,-0.0033621357288211584,-0.006861211732029915,0.007203368470072746,-0.0015543914632871747,-0.0053253378719091415,-0.00037683965638279915,0.004522219300270081,0.0024648357648402452,0.007428804412484169,-0.00022624339908361435,-0.0022622181568294764,-0.005473571363836527,-0.003992088139057159,0.002109004184603691,-0.0017293249256908894,-0.0015348652377724648,0.001128108357079327,0.008143709972500801,-0.005019259639084339,0.0075642140582203865,0.001600188435986638,-0.0005715533043257892,0.008749633096158504,0.011559541337192059,0.006897079758346081,0.0016939407214522362,0.0010018593166023493,0.008284815587103367,0.0071082934737205505,0.00013155490159988403,-0.008321031928062439,-0.0029928460717201233,-0.006148951128125191,0.005913831293582916,0.005124981049448252,0.018267370760440826,0.002882121130824089,0.007977544330060482,0.0026311418041586876,0.01904715783894062,0.015280883759260178,0.01605350710451603,-0.0071084164083004,-0.005508281756192446,0.011436797678470612,-0.002461845288053155,-0.001958478009328246,0.00023973779752850533,-0.008319596759974957,-0.00043422169983386993,-0.005987531505525112,-0.005759304389357567,-0.007400877773761749,-0.0037822972517460585,-0.0062796203419566154,8.478201925754547e-05,0.0029567312449216843,-0.003412795253098011,-0.001709592528641224,-0.009098035283386707,-0.00960352923721075,-0.01040048897266388
9,0.014829539693892002,0.013713030144572258,-0.004893088713288307,0.015590442344546318,0.02031402662396431,0.021445075049996376,0.02136530540883541,-0.0005719354376196861,-0.0034829024225473404,-0.006682133302092552,-0.009029333479702473,-0.0025753267109394073,0.01879316195845604,-0.008852659724652767,-0.028616338968276978,0.010885462164878845,0.013320496305823326,0.017836982384324074,0.019493011757731438,0.020057983696460724,0.02268368750810623,0.017922818660736084,0.02505701407790184,-0.00808279775083065,-0.003033619374036789,-0.00813702680170536,-0.002746298909187317,0.011403098702430725,-0.01678648218512535,-0.010028821416199207,0.002387357410043478,-0.024129491299390793,-0.003269634209573269,-0.009147963486611843,-0.01734244078397751,-0.0008121617138385773,-0.007046280428767204,-0.005910241976380348,-0.004677548073232174,-0.00972894486039877,-0.013451790437102318,-0.0018428359180688858,-0.0057335225865244865,-0.00857480987906456,-0.01021191943436861,0.006778927054256201,-0.00022650416940450668,0.003405972383916378,0.012199620716273785,0.0158850084990263,0.002902686595916748,0.0034956960007548332,-0.002788539044559002,-0.0027741100639104843,-0.0034518465399742126,-0.0047088428400456905,-0.010652884840965271,-0.002998925046995282,-0.01271098293364048,-0.014420537278056145,-0.008423508144915104,-0.021480994299054146,-0.011656621471047401,-0.007140860892832279,0.001458577811717987,-0.0056650978513062,-0.00915258564054966,-0.011688785627484322,-0.007790361065417528,-0.004422646481543779,-0.0034629881847649813,-0.014204941689968109,-0.004456154070794582,-0.011752787977457047,-0.005118003115057945,-0.008358826860785484,-0.007157991174608469,-0.0031798689160495996,0.006203983910381794,-0.0010322995949536562,0.008358060382306576,-0.0024192058481276035,-6.133341230452061e-05,-0.01517578400671482,-0.01407493557780981,-0.01644458994269371,0.0014433711767196655,-0.005202189087867737,-0.013673783279955387,-0.004195784218609333,-0.010753389447927475,0.001970428042113781,-0.0029737427830696106,-0.010593827813863754,-0.007326493971049786,-0.003926384262740612,-0.010197775438427925,0.004161328077316284,-0.002372470684349537,0.005100669339299202,-0.0024363799020648003,-0.005289452150464058,-0.016842644661664963,-0.0093531534075737,-8.818041533231735e-05,0.0029851910658180714,0.0008188994252122939,-0.010387901216745377,-0.013542896136641502,-0.0008905914146453142,-0.017580512911081314,-0.013541089370846748,-0.011133139953017235,0.0064816782251000404,0.015263412147760391,0.0006343815475702286,-0.00044174399226903915,-0.0022700452245771885,0.0023748562671244144,0.0012389944167807698,0.011388390325009823,-0.004820292815566063,0.0096058901399374,-0.0018639196641743183,0.008341270498931408,0.007392963394522667,0.009270025417208672,0.010699820704758167,0.0004973458126187325,-0.00755444448441267,0.0026824534870684147,0.006961663253605366,-0.003686376381665468,-0.004392977803945541,0.0024412348866462708,0.006184109952300787,0.0040719034150242805,0.01348909456282854,0.015605329535901546,0.024352846667170525,0.016129013150930405,-0.012615591287612915,0.005491172894835472,-0.018393907696008682,0.0081058694049716,0.01212644949555397,0.0006834985688328743,-0.015319297090172768,-0.013971036300063133,0.007671174127608538,-0.003068026853725314,0.006704241968691349,0.00828449334949255,0.010411589406430721,0.012047253549098969,0.027229662984609604,0.006106184329837561,0.0140923373401165,0.02430490031838417,0.010461147874593735,-0.01377604715526104,-0.01002565398812294,0.01705239526927471,0.003975219093263149,0.009146571159362793,-0.0027397209778428078,-0.011249389499425888,0.0051610637456178665,-0.017299465835094452,-0.008439277298748493,-0.006057654973119497,-0.001986108021810651,-0.01048732828348875,-0.013331228867173195,0.006556527689099312,0.01076773926615715,-0.014094495214521885,-0.004585667513310909,-0.02024250105023384,-0.012798365205526352
10,0.01284506544470787,0.008881667628884315,0.0063587697222828865,0.011139824986457825,0.012175226584076881,0.007734562736004591,0.011201543733477592,-0.001829228363931179,-0.0015875054523348808,-0.0019130073487758636,0.003931103274226189,-0.0004919236525893211,0.015362896025180817,-0.005561383906751871,-0.003266208339482546,0.01733255572617054,0.006755183916538954,0.005983371753245592,0.010701151564717293,0.009850908070802689,0.011658160015940666,0.003965395037084818,0.007159092463552952,-0.007219624239951372,-0.0005351249128580093,-0.008110939525067806,0.0017015895573422313,0.0003811581991612911,0.0008195404661819339,-0.005775131285190582,0.006287544500082731,-0.008758476935327053,0.000156463123857975,-0.006232784129679203,-0.010853609070181847,-0.001103986520320177,0.004450201988220215,0.0015345802530646324,0.002439119853079319,-0.0006239567883312702,-0.002671940252184868,0.005567652173340321,-0.0016939006745815277,-0.006285824812948704,0.0044834185391664505,-0.0023646093904972076,0.0012731263414025307,0.0036464761942625046,0.0059926146641373634,0.007529847789555788,-0.0033401232212781906,0.0005562296137213707,-0.0015236902981996536,-0.0003429362550377846,0.003660786896944046,-0.001444944180548191,-0.0005961935967206955,-0.009725588373839855,-0.007253893651068211,-0.005579299293458462,-0.009695887565612793,-0.012772541493177414,-0.008499788120388985,-0.013849517330527306,-0.0038880594074726105,-0.0005576915573328733,-0.006687307730317116,-0.005592774134129286,-0.01174666453152895,-0.006224915385246277,-0.008242905139923096,-0.004406861029565334,-5.92812430113554e-05,-0.003670737147331238,-0.005256858188658953,-0.005276041571050882,-0.002357535995543003,-0.0025052912533283234,0.0011960046831518412,0.001747063361108303,-0.0011526290327310562,0.002440214389935136,0.0015503820031881332,0.0001743743196129799,-0.004223315976560116,-0.006815445143729448,-0.005345579236745834,0.0008638761937618256,-0.00571214035153389,-0.0025992586743086576,-0.0023746625520288944,-0.002003445290029049,-0.002517918823286891,-0.005251308437436819,0.008516069501638412,-0.0004559028893709183,-0.0010277386754751205,-0.005554359871894121,-0.0038252267986536026,-0.0020599765703082085,-0.002310599200427532,-0.0039034252986311913,-0.004239578265696764,-0.007793011609464884,0.0019888151437044144,0.0005678990855813026,0.0008597460109740496,-0.003907704260200262,-0.007332000881433487,-0.002018613973632455,-0.0023972659837454557,-0.0009078350849449635,-0.006018654443323612,-0.0004979772493243217,0.001018584705889225,-0.0034405309706926346,-0.0011742934584617615,-0.0038473811000585556,0.0014111129567027092,-0.004852353595197201,0.007911003194749355,-0.0028595486655831337,-0.003137951483950019,-0.003627111203968525,-0.005721018649637699,0.006720380857586861,0.00734840938821435,-0.0019340008730068803,-0.004695160314440727,-0.004615219309926033,-0.00458968710154295,-0.0020879190415143967,-0.0008162993472069502,-0.004559654276818037,-0.001766906469129026,-6.203725934028625e-05,0.006765138823539019,0.006038595922291279,-0.000262877088971436,0.006820391397923231,0.0034866631031036377,0.011519055813550949,0.016260946169495583,0.0010203253477811813,0.005433792248368263,0.0067983088083565235,0.005351182073354721,0.0009980760514736176,-0.0047544147819280624,0.003184403060004115,0.004047790542244911,0.02075415663421154,0.013240666128695011,0.007395483087748289,0.007346985395997763,0.014075273647904396,0.007281139492988586,0.007884243503212929,0.01242951862514019,0.011869266629219055,-0.012483972124755383,-0.004292557016015053,0.003263344755396247,-0.00226851599290967,-0.007630298379808664,-0.0010233307257294655,-0.00585628766566515,-0.00426528649404645,0.0009775366634130478,-0.0044907755218446255,0.0013510850258171558,-0.00494595430791378,-0.004057090263813734,-0.003031758591532707,-0.005603778641670942,-0.004625946749001741,-0.0062009007669985294,-0.003938044421374798,-0.013040721416473389,-0.0117673110216856
11,0.005096184555441141,-0.0010798475705087185,0.002998407930135727,0.005422082729637623,0.004944943822920322,0.0031680683605372906,0.006502440199255943,-0.0021706880070269108,-0.0027472437359392643,-0.0014899901580065489,0.0026055206544697285,0.0032297715079039335,0.005947876255959272,0.0010257596150040627,0.0038778823800385,0.00219525839202106,-0.0037924726493656635,0.003374821972101927,0.0034175380133092403,0.008105658926069736,0.0029975958168506622,0.007098200265318155,0.009383748285472393,-0.0040509626269340515,-0.0019559944048523903,0.0010612867772579193,0.0037833992391824722,0.00041741784662008286,-0.001423572888597846,0.005533201619982719,0.003920463379472494,-0.0023041055537760258,0.001699882559478283,-0.004194221459329128,0.0019189491868019104,-0.0008723647333681583,-0.00014947447925806046,-0.0035552061162889004,0.0005037961527705193,0.0011458978988230228,0.0005195289850234985,0.0006721867248415947,-0.0028793299570679665,-0.005050388630479574,-0.0009187590330839157,-0.00623558321967721,0.0028858939185738564,-0.0036860196851193905,-0.0017295250436291099,-0.008803896605968475,0.0003033177927136421,-0.0003891307860612869,-0.004213503561913967,-0.006056465208530426,-0.002697044052183628,-0.0021519390866160393,0.0005482630804181099,-0.0016669314354658127,-0.0010954183526337147,-0.00207306956872344,-0.000540013425052166,-0.000577936414629221,-0.004967280197888613,0.004491708241403103,0.0015105493366718292,-0.003171632532030344,-0.0041184136644005775,-0.001019878312945366,-9.654741734266281e-05,-0.002623980864882469,0.000490149250254035,0.00016568833962082863,-0.0013109327992424369,-0.0031530410051345825,0.0002777464687824249,-0.0006877580308355391,-0.004014445468783379,-0.005441713146865368,-0.005581696983426809,-0.0015658419579267502,-0.001962351379916072,-0.0030641250777989626,-0.0032199397683143616,-0.002012268640100956,-0.002205568365752697,0.0012269850121811032,-0.0022735516540706158,0.00017117150127887726,-0.0005361323128454387,-0.0005219499580562115,-0.0004260742571204901,-0.0011653287801891565,-0.0020342606585472822,0.0023746974766254425,-0.0012716060737147927,-0.006802334915846586,-0.008553550578653812,-0.0012935926206409931,-0.002802466042339802,-0.003062920179218054,-0.0031598368659615517,0.0023219874128699303,-0.0062915245071053505,-0.0021772030740976334,-0.00013346131891012192,-0.003098932560533285,0.0008562513394281268,-0.001408169511705637,-0.0013058364856988192,0.0004865727387368679,-0.0022114641033113003,0.0021099471487104893,-0.005348870996385813,0.0008503724820911884,-0.004474975168704987,-0.001574869267642498,-0.002163620200008154,0.0008423940744251013,0.0036120396107435226,-0.0007806841167621315,0.0038568605668842793,-0.0035680150613188744,-0.0013300393475219607,-0.00026186974719166756,-0.0006110576214268804,0.0016876052832230926,-0.004277980420738459,-0.0020048893056809902,0.00045263348147273064,0.0025039836764335632,-0.0006719704251736403,-6.779562681913376e-05,-0.003217349760234356,0.0006913202814757824,-0.0033883205614984035,-0.0007903962396085262,-0.0054955813102424145,0.0010115585755556822,-0.0015147783560678363,0.001559126190841198,0.005398986861109734,0.003189514623954892,-0.0066825710237026215,-0.0018118517473340034,-0.0013632390182465315,0.0015507403295487165,-0.003207892645150423,-0.006021675653755665,-0.00405439967289567,0.0035438966006040573,-0.002450916450470686,-0.0007309167413040996,0.005399319343268871,-0.002623126143589616,-0.0044373320415616035,-0.00023046275600790977,-0.006211699452251196,1.0616611689329147e-05,0.005510442424565554,0.007648644037544727,0.006239773239940405,-0.0018910388462245464,0.002199737820774317,-0.0004228176549077034,0.0007929760031402111,-3.2514799386262894e-06,-0.0025770398788154125,-0.0037024354096502066,0.0014556760434061289,-0.000838140957057476,-0.0030906163156032562,0.001288777682930231,-0.0003223366802558303,-0.0017620145808905363,-0.0005869199521839619,-0.0012142607010900974,0.0009792027994990349,-0.002450761152431369,0.001150073017925024,-0.0007889615371823311
12,0.01471093762665987,0.01732388325035572,0.004417037591338158,0.013683588244020939,0.017457982525229454,0.028611861169338226,0.030418192967772484,-0.006821836810559034,-0.00019230693578720093,0.003997682593762875,-0.0006348852184601128,0.005243580788373947,0.00181374023668468,-0.011855026707053185,-0.010232094675302505,-0.0038581141270697117,0.011235353536903858,0.025015592575073242,0.011246311478316784,0.015906576067209244,0.022905055433511734,0.030014105141162872,0.0199151448905468,-0.00020170863717794418,-0.0007038202020339668,-0.01344131026417017,-0.0012754558119922876,0.012202750891447067,0.0019193304469808936,-0.010322349146008492,-0.0025125863030552864,-0.013501673936843872,-0.012322336435317993,-0.014331163838505745,-0.013689094223082066,-0.00045954110100865364,-0.004472890868782997,-0.008324322290718555,0.0018168026581406593,-0.004787827376276255,-0.008686140179634094,-0.004323245026171207,-0.004407387692481279,-0.0065848492085933685,0.003335534129291773,0.005263430066406727,-0.0006266152486205101,0.008291914127767086,0.005524375941604376,0.010767878964543343,0.0016312701627612114,-0.0008490839973092079,-0.0066422768868505955,-0.006549832411110401,-0.00633856188505888,0.0016007935628294945,-0.013352340087294579,-0.005054198671132326,-0.010536638088524342,-0.006402608938515186,-0.009239042177796364,-0.015455520711839199,-0.008754461072385311,-0.0169471874833107,-0.01026828121393919,-0.0068951803259551525,-0.009301979094743729,-0.007199633866548538,-0.007674284279346466,-0.011569061316549778,-0.009199067018926144,-0.013118572533130646,-0.00533977011218667,0.004603007808327675,0.0018130833050236106,-0.0021855956874787807,-0.008685311302542686,-0.001306525431573391,0.004801210016012192,0.012386633083224297,0.0014344060327857733,-0.0029205591417849064,-0.0085862185806036,-0.015372935682535172,-0.0170421339571476,-0.0184592567384243,-0.011764517985284328,-0.012023870833218098,-0.014627255499362946,-0.00844300165772438,-0.009476246312260628,-0.004609739873558283,-0.0006361379055306315,-0.004210504703223705,0.002702239667996764,-0.0035556829534471035,-0.00219530938193202,-0.011326193809509277,-0.006000081077218056,0.0024783278349786997,0.0008944100700318813,-0.008098673075437546,-0.007850075140595436,-0.003412289544939995,0.00805104710161686,-0.0008807687554508448,0.000744726276025176,-0.004606259521096945,-0.0047606294974684715,-0.002198586706072092,-0.0033296914771199226,-0.004442654550075531,-0.0019256118685007095,0.0002608243376016617,0.009089869447052479,0.006548319477587938,-0.001547662541270256,-0.004349898546934128,-0.004457144066691399,-0.004337694495916367,-0.0016833441331982613,0.0034852963872253895,-0.0007276958785951138,-0.0006249201251193881,0.0003957283915951848,0.010551988147199154,0.009960893541574478,2.89140734821558e-05,-0.00268519832752645,-0.00802637543529272,0.00024613901041448116,-0.007580453529953957,-0.0010942353401333094,-0.005201298277825117,0.0056899734772741795,0.01692749746143818,0.007897956296801567,0.01937011070549488,0.0073118265718221664,0.008463798090815544,0.017963197082281113,0.005775695666670799,0.021775655448436737,-0.003607058199122548,-0.004640946164727211,0.017864350229501724,-0.004579361528158188,0.0020769955590367317,-0.014724294655025005,-0.005112237296998501,-0.009190842509269714,0.0016552663873881102,0.013791450299322605,0.020320434123277664,0.011345556005835533,0.020153360441327095,0.01816413179039955,0.019648170098662376,0.02314135618507862,0.019894812256097794,-0.005713311955332756,-0.004117585718631744,0.016784127801656723,-0.0036897745449095964,-0.00571233918890357,-0.006727129686623812,-0.004697939846664667,-0.0014139441773295403,-5.20460307598114e-05,-0.0178439412266016,-0.008089846931397915,-0.0032624260056763887,0.00142959738150239,-0.0036719348281621933,0.003464829409494996,-0.009061289951205254,-0.004038866609334946,-0.008497384376823902,-0.011842139065265656,-0.015462782233953476
13,-0.0065490370616316795,-0.003657901892438531,-0.0036713434383273125,-0.0009358655661344528,0.00376537605188787,0.0028218678198754787,0.0028668814338743687,0.0013211886398494244,0.0032094642519950867,-0.0003613485023379326,0.00221335981041193,0.002516948152333498,-0.0032915095798671246,-0.0014193012611940503,-0.0022111672442406416,-0.006819187197834253,0.0021426924504339695,0.002411533147096634,-0.002846588846296072,-0.0020821443758904934,-0.0048325276002287865,0.008536059409379959,-0.011659516952931881,0.006882389076054096,0.0014268658123910427,-0.0021097506396472454,0.008283871226012707,-0.002370789647102356,0.0117409722879529,0.004190885461866856,-0.0023680985905230045,0.002504392759874463,0.000502994516864419,0.004269980359822512,0.0048849391750991344,-0.003803195897489786,0.009347297251224518,0.0005334634333848953,0.0019114287570118904,0.00615442730486393,0.004403138533234596,0.004697614349424839,0.006034806836396456,-0.00010933168232440948,0.006451036781072617,0.0056776804849505424,0.006238300818949938,0.006858525797724724,0.011494845151901245,0.009173216298222542,0.004064835608005524,0.0096206059679389,0.0003891484811902046,0.0072945160791277885,0.0016282536089420319,0.004285543225705624,0.004008445423096418,-0.0034070576075464487,0.004867236129939556,2.8538517653942108e-05,-0.0014709397219121456,0.007846644148230553,0.00990971364080906,0.0005465964786708355,-0.003342041978612542,-0.009479526430368423,0.005583728197962046,0.002457483671605587,0.005649908445775509,0.00015787314623594284,3.0871015042066574e-06,-0.002822380978614092,0.005408674478530884,-0.0010244821896776557,0.0022117560729384422,0.0010979269864037633,-0.004642806947231293,0.003075054846704006,0.0032817109022289515,0.006619534455239773,-0.0033157358411699533,-0.001737347338348627,0.003700392786413431,0.000611964613199234,0.0038620312698185444,-0.0009733326733112335,0.0031578601337969303,-0.001572202192619443,0.00208547106012702,-0.003300171112641692,-0.00723994430154562,-0.002573277335613966,0.00017068081069737673,-0.005174783058464527,0.006648877635598183,0.003024979028850794,0.005425360519438982,0.00031859055161476135,0.0015322426334023476,0.002713887020945549,0.006919110659509897,-0.002050946466624737,0.0027465312741696835,-0.001082549337297678,0.00653980765491724,-0.0049065519124269485,0.0015992829576134682,-0.0056841326877474785,-0.002899325918406248,-0.003143089823424816,-0.000506293261423707,0.0020197471603751183,0.00013408949598670006,0.005184561479836702,0.003113290760666132,0.010325204581022263,0.010464662685990334,-0.005703396629542112,-0.0011270282557234168,-0.0009734579361975193,-0.0048433528281748295,-0.004850797820836306,-0.005597907118499279,-0.0017956288065761328,0.00023595470702275634,-0.008338020183146,-0.0012815092923119664,0.0008955043740570545,0.0018984847702085972,0.0036841437686234713,-1.481024082750082e-05,0.004801358096301556,0.004945732653141022,0.0007318847929127514,0.00012243574019521475,0.0031827185302972794,0.003869107225909829,0.003816612996160984,-0.0018340048845857382,-0.0007516862824559212,-0.0041170427575707436,0.001553206704556942,0.0030658782925456762,0.009513751603662968,0.009333384223282337,0.0011907394509762526,0.003173437900841236,0.005537375807762146,0.006225951947271824,0.006137012969702482,0.007776888087391853,0.001942383823916316,-0.00852830521762371,-0.0028384546749293804,0.0015503745526075363,-0.007307551801204681,0.004891422111541033,-0.003136232029646635,-0.0010044681839644909,-0.004784909076988697,0.006627730093896389,0.007238904479891062,-0.0010514343157410622,-0.0001312136882916093,-0.0027632431592792273,-0.0008416604250669479,-0.0042886496521532536,0.00017311889678239822,-0.00096540292724967,-0.0017971704946830869,-0.0004526155535131693,0.0017171509098261595,0.002174494555220008,0.0009582261554896832,0.0008380457293242216,0.0010580259840935469,0.00751914456486702,-0.0058307647705078125,0.001924397423863411,-0.0033360454253852367
14,0.003196723759174347,0.008191965520381927,0.004714961629360914,0.008709738031029701,0.01208124216645956,0.012372023425996304,0.015541255474090576,-0.003543971572071314,-0.006383675616234541,-0.009667505510151386,-0.0010934383608400822,-0.005840600002557039,0.005872929934412241,-0.004095046781003475,0.0010200557298958302,0.0059179640375077724,-0.002324620494619012,0.003365925047546625,0.006220433861017227,0.00827549584209919,0.011695927008986473,0.0021700088400393724,0.01126042753458023,0.004441398661583662,-0.0008223004406318069,-0.009880956262350082,-7.826491491869092e-05,0.008794395253062248,-0.01000639982521534,-0.008171007968485355,0.0066536301746964455,-0.006290753372013569,-0.007414767052978277,-0.008600513450801373,-0.009474679827690125,-0.0042188274674117565,0.00101411622017622,0.0026469938457012177,-0.0030497401021420956,0.004326449707150459,0.0057406239211559296,0.004645360633730888,-0.003956552594900131,-0.004575701430439949,-0.0005758032202720642,-0.0048081716522574425,-0.001990201883018017,0.0007505589164793491,0.003987072501331568,0.00016228295862674713,0.003333020256832242,0.0010940907523036003,-0.00429051136597991,-0.006321112159639597,-0.0038033537566661835,-0.00040468527004122734,-0.005697894841432571,-0.005847422871738672,-0.0009486526250839233,0.0014041289687156677,0.0013212255435064435,-0.00638916902244091,-0.015637729316949844,-0.005900752265006304,0.0005136774852871895,-0.002204224932938814,-0.014289196580648422,-0.011599808931350708,-0.010614508762955666,-0.010246326215565205,-0.010218849405646324,-0.004193015396595001,-0.0028710660990327597,-0.0013545840047299862,-0.0035572184715420008,-0.007874792441725731,-0.00832877866923809,0.004211533814668655,-0.008049603551626205,0.0035654427483677864,-0.010591691359877586,-0.0032423031516373158,-0.00423283688724041,-0.0012823338620364666,-0.0022880323231220245,-0.00701137026771903,-0.007813317701220512,0.0006627840921282768,-0.010402446612715721,-0.0013070369604974985,-0.0009860522113740444,-0.004222595598548651,0.0037712990306317806,0.002259005792438984,-0.010131193324923515,-0.006510206498205662,-0.01295174565166235,-0.0024276573676615953,0.0055618598125875,0.006201544776558876,0.012708541005849838,0.012823862954974174,0.0028944872319698334,0.006948246620595455,0.01017084438353777,0.003925606142729521,0.008263842202723026,0.009951802901923656,0.003515976946800947,0.001130823977291584,-0.0006120074540376663,0.0022835535928606987,0.008978612720966339,0.00810311734676361,0.01112090889364481,0.000534779392182827,4.633329808712006e-06,-0.0030825589783489704,-0.003993937745690346,-0.0024493634700775146,0.00633099814876914,-0.004324260167777538,0.0008367337286472321,0.00800240132957697,0.002893212717026472,0.0006836812826804817,0.0015919196885079145,0.008952458389103413,0.0026646344922482967,0.0013359165750443935,-0.006573489401489496,-0.00039883749559521675,-0.00915779359638691,-0.006471486762166023,-0.0028827546630054712,0.0014056239742785692,-0.002421264536678791,0.005707141011953354,0.0014187772758305073,0.010155604220926762,0.006858168635517359,0.006138395518064499,0.008626691997051239,-0.008948182687163353,-0.009140674024820328,0.003113617654889822,0.0012863222509622574,0.003653891384601593,-0.012696725316345692,-0.006644680630415678,-0.010357790626585484,-0.0020282857585698366,0.013673217967152596,0.010507418774068356,0.001074970350600779,0.012461819685995579,0.006636735051870346,0.013096770271658897,0.009766505099833012,0.01107403077185154,-0.007612756919115782,-0.008341541513800621,0.0042809490114450455,0.0048886872828006744,0.0037807875778526068,0.004781739320605993,0.004144271835684776,0.006039321888238192,0.006148046813905239,-0.006455686874687672,-0.004727974534034729,-0.007083240430802107,0.01354910247027874,0.005456201266497374,0.005985787138342857,0.002636483870446682,0.001416951883584261,0.009428276680409908,-0.0002139601856470108,0.0028345100581645966
15,0.009215008467435837,-0.0052918558940291405,0.007937712594866753,0.008304592221975327,0.009111331775784492,0.010145028121769428,0.00394503865391016,0.005976986140012741,0.006284789182245731,0.009873957373201847,0.00500910310074687,0.008902288973331451,0.008865288458764553,-0.0063274153508245945,-0.0019372575916349888,-0.0005211785319261253,-0.004218127112835646,0.002047303132712841,0.00299339578486979,0.006517226807773113,0.004884615540504456,0.011158859357237816,-0.0008550254860892892,0.0028877579607069492,-0.0004340383457019925,0.004001638852059841,0.0011704154312610626,0.0007641974370926619,-0.004236035980284214,-0.008315864950418472,-0.0036133378744125366,-0.0071228789165616035,-0.01282096840441227,-0.009360467083752155,-0.006201715208590031,0.001999921165406704,0.006208487786352634,0.002610936760902405,0.0075136516243219376,0.0027056962717324495,0.0035779858008027077,0.004334422759711742,0.011259537190198898,0.011879896745085716,0.004005517810583115,0.005702201742678881,0.005571635439991951,0.003429635427892208,0.0037564272060990334,0.002725082915276289,0.0027879285626113415,0.000995088368654251,0.004949522204697132,0.0035759909078478813,0.009251452051103115,0.006798243150115013,-0.00024058762937784195,-0.006566630210727453,0.0006606387905776501,0.005024552345275879,-0.0060024987906217575,-0.005543428473174572,0.0022746874019503593,-0.0077082193456590176,-0.00897222850471735,-0.0070434799417853355,-0.003185715526342392,-0.0037897848524153233,-0.003761047264561057,-0.00035540200769901276,-0.003685189876705408,-0.009508604183793068,0.0014763345243409276,9.652299922890961e-06,-0.0011724048526957631,0.0003298704978078604,-0.008272847160696983,0.00647067092359066,0.006332665681838989,0.00341897108592093,0.0027472875081002712,-0.0032792487181723118,-0.000717729504685849,0.0007896609604358673,-0.005262178834527731,0.00014681601896882057,-0.0036685981322079897,-0.0014693207340314984,-0.008020089939236641,-0.004548762459307909,-0.001154729980044067,-0.008609345182776451,-0.0010867305099964142,-0.0029778669122606516,0.011216620914638042,0.0035474970936775208,-0.0012664496898651123,0.003196542151272297,0.004746482707560062,0.004976287484169006,0.006407610140740871,0.0035091412719339132,0.005412993486970663,0.003620058298110962,0.010067321360111237,-0.0024695517495274544,0.004772763233631849,0.004598093219101429,-0.00047314330004155636,-0.0019673029892146587,-0.004735628142952919,-0.00393310934305191,0.004510028287768364,0.005508788861334324,-0.002162307035177946,0.0005918052047491074,-0.001550818793475628,-0.004644785076379776,-0.0011904360726475716,-0.002215289743617177,0.0026101642288267612,0.00025054626166820526,-0.004209188278764486,0.0067566754296422005,0.005412232596427202,1.770298695191741e-05,0.0037413574755191803,0.00030550872907042503,0.008981430903077126,0.002541633090004325,-0.0022046188823878765,-0.006324374116957188,-0.0024297069758176804,-0.005857749842107296,0.0014594688545912504,-0.0008160618599504232,0.005565192550420761,0.002293187193572521,0.008831686340272427,0.003864535829052329,-0.00040010863449424505,0.007609675172716379,-0.0008951346389949322,-0.002929664682596922,-0.003844068618491292,0.003404506715014577,0.00333104794844985,-0.0011010346934199333,-0.010395865887403488,-0.010403639636933804,-0.010456547141075134,-0.0008675127755850554,0.008748417720198631,0.008443169295787811,0.0010601648828014731,0.0013386309146881104,0.007466173265129328,0.0035933146718889475,-1.6934936866164207e-05,0.008073338307440281,-0.006860190536826849,-0.005373880732804537,0.006685355678200722,-6.249640136957169e-05,0.0021258248016238213,-0.0024813709314912558,0.002738233655691147,0.005558094009757042,0.002108615357428789,-0.00494266115128994,-0.012118333950638771,0.0025286541786044836,0.0029516778886318207,-7.982086390256882e-05,0.006716187112033367,-0.0036303000524640083,-0.00710920337587595,-4.970247391611338e-05,0.0016777459532022476,-0.0007995939813554287
16,0.014326931908726692,0.0020699738524854183,0.010564272291958332,0.012583761475980282,0.00976323988288641,0.005355130881071091,0.008214003406465054,0.002753742504864931,-0.003690647892653942,-0.00971438828855753,-0.004693686496466398,-0.004939404781907797,0.009704940021038055,-0.0011598437558859587,-0.005154256708920002,-9.087799116969109e-05,-0.00572288129478693,0.009867657907307148,0.005033588968217373,-0.0008695786818861961,0.003855859860777855,0.00667449040338397,0.008399445563554764,-0.009480624459683895,0.0026504886336624622,0.0015394790098071098,0.0012811296619474888,0.00929401908069849,0.004163236822932959,0.0017918188823387027,0.007920173928141594,-0.009048675186932087,-0.0036203127820044756,-0.007323795463889837,-0.005883796140551567,0.011458141729235649,-0.005032938439399004,-0.016084343194961548,0.02049865946173668,-0.006092982366681099,-0.01131252758204937,0.005759119521826506,-0.011712311767041683,-0.007198061794042587,-0.00023311283439397812,-0.0009917253628373146,0.0008699828758835793,-0.004886663984507322,0.003237596247345209,-0.0012363619171082973,0.0035231837537139654,0.005394376814365387,-0.00442866375669837,-0.004254679661244154,-0.00021173525601625443,-0.005026250146329403,-0.010876042768359184,-0.012031151913106441,-0.01339551992714405,-0.015753600746393204,-0.006265935953706503,-0.008741024881601334,-0.00762604596093297,-0.0047271763905882835,-0.0022507738322019577,-0.0012234385358169675,0.004245889373123646,-0.002275442238897085,0.0012853057123720646,0.004509360529482365,-0.003424830734729767,-0.0005759979831054807,-0.00638275220990181,-0.0038978764787316322,0.002337848534807563,0.0034395125694572926,-0.004004526883363724,-0.012064245529472828,-0.005152393598109484,-0.008608787320554256,-0.005158590152859688,-0.0069118100218474865,-0.009321623481810093,-0.011656194925308228,-0.01248125173151493,-0.009730071760714054,9.752623736858368e-05,0.0017056018114089966,-0.010344945825636387,-0.005359457340091467,-0.007069104816764593,0.0034557650797069073,0.001468823989853263,0.00978100299835205,-0.007644718047231436,-0.0030400389805436134,-0.0067346906289458275,-0.003327007405459881,-0.01217602752149105,-0.007624664343893528,0.004256170243024826,0.0027032531797885895,-0.004354563076049089,-0.004240969195961952,-0.0027503722812980413,-0.0017449730075895786,0.0030434487853199244,-0.010483943857252598,-0.013298394158482552,0.0053441403433680534,0.0021547998767346144,-0.0011277626035735011,-0.011319747194647789,-0.003578862873837352,0.001573276473209262,-0.01106952503323555,-0.004253450781106949,0.008150295354425907,0.004985888954252005,0.003981127869337797,0.018109947443008423,0.008071595802903175,0.009507076814770699,0.004990032874047756,0.010169601067900658,0.011055455543100834,0.00027969590155407786,0.010602736845612526,0.003095308318734169,-0.003511088201776147,0.007220677100121975,0.005543934181332588,-0.0012093433178961277,-0.0022144082468003035,0.004870877601206303,0.011692894622683525,-0.0010419778991490602,0.001195427030324936,0.003233605995774269,-0.00046203285455703735,0.013414200395345688,0.004975310526788235,-0.006161380559206009,-0.009604856371879578,-0.0050355540588498116,-0.0038078855723142624,-0.009447569958865643,-0.0068889399990439415,-0.004374887328594923,0.0029663769528269768,-0.005280615761876106,0.0003335989313200116,0.013862406834959984,-0.0012487107887864113,0.0011956165544688702,0.004581310320645571,0.0017968171741813421,-0.000586444977670908,0.0024922345764935017,0.004240062087774277,0.006136913783848286,-0.010145031847059727,0.005793122109025717,0.0006308869924396276,-0.0011161740403622389,0.0039154221303761005,-0.0030150183010846376,-0.004166251048445702,-0.009398792870342731,-0.009557519108057022,-0.008671753108501434,0.00622528325766325,-0.0033490268979221582,-0.0002579393330961466,0.009035923518240452,0.0112302266061306,-0.005614778958261013,0.004001942463219166,-0.012465165928006172,-0.010276020504534245
17,0.002381945261731744,0.0037266486324369907,-0.0027326843701303005,0.0022517493925988674,0.001302532386034727,0.0032658283598721027,0.004795365501195192,-0.0017575104720890522,-0.004707371816039085,-0.0003766147419810295,-0.004139159806072712,-0.008772619999945164,-0.0027164986822754145,-0.0019646743312478065,0.005208649672567844,0.0057844072580337524,0.004614878445863724,0.003248188877478242,0.004101424943655729,0.002536316169425845,0.002668471075594425,0.0033019708935171366,0.00323803024366498,0.005058612674474716,-0.0027070194482803345,-0.006124326027929783,-0.0041511645540595055,0.0007654270157217979,0.0018200986087322235,-0.004772343672811985,0.0014683706685900688,0.0010173828341066837,-0.002118851989507675,-0.006059335544705391,-0.009013409726321697,-0.0033328686840832233,0.0007924488745629787,0.0012878032866865396,0.0012465175241231918,-0.003252791240811348,1.9677914679050446e-05,0.004607455804944038,-0.001853426918387413,-0.00041265878826379776,0.0024950187653303146,0.004158978350460529,0.004539316054433584,0.0012884214520454407,0.0028857141733169556,0.002087235916405916,-0.002227244433015585,0.002265332266688347,-0.0038627381436526775,-0.004516140092164278,-0.0026711560785770416,-0.007153994403779507,-0.0010751854861155152,-0.0003222692757844925,0.00028407108038663864,0.0007017077878117561,0.001251306151971221,-0.0010304858442395926,0.003839187091216445,0.0015697870403528214,0.0006092195399105549,0.002292301971465349,-0.004116779193282127,-0.000713287154212594,-0.004163570702075958,-0.002004246925935149,0.00038493238389492035,-0.0011750473640859127,0.0024262182414531708,-0.003938441630452871,-0.002472182270139456,-0.0015688096173107624,0.0014872942119836807,-0.0016659460961818695,0.001445307396352291,-0.00291068060323596,0.0009627700783312321,0.004641673527657986,0.0034296633675694466,0.002402250189334154,0.006051354575902224,-0.0008132894290611148,0.0006159062031656504,0.001669497461989522,0.0016408602241426706,0.0028153052553534508,0.006391568575054407,0.00524554867297411,0.0008695690194144845,0.002598823979496956,0.004395697265863419,-0.0012586982920765877,0.004489907529205084,0.0006263335235416889,-0.0036654192954301834,-0.001632404513657093,0.00032960507087409496,0.0018979392480105162,0.0014878236688673496,0.0013652308844029903,0.0022566448897123337,0.0020834575407207012,0.00580624071881175,0.002842680085450411,-0.0003550606779754162,0.002248226897791028,0.0011068986495956779,-0.0017429024446755648,-0.0021901000291109085,0.0004101702943444252,0.00010328786447644234,0.005610916763544083,0.0032719187438488007,-0.0007217219099402428,-0.0017130925552919507,-0.0007476528408005834,0.001230987487360835,0.00022402626927942038,-0.002487284131348133,0.0034982003271579742,0.003265965264290571,-0.001268099993467331,0.0007235838565975428,-0.0008611411321908236,-0.0016191082540899515,-0.0033512734808027744,-0.0008543604053556919,-0.002343431580811739,-0.00042962294537574053,0.0005983584560453892,-0.001264349790289998,0.0014055941719561815,0.0038036787882447243,0.00474589504301548,0.0022132897283881903,0.0004669022746384144,0.0006507029756903648,0.0032832950819283724,0.00382459769025445,0.005734404549002647,0.005075299181044102,0.0053019654005765915,0.0033305007964372635,0.002965340856462717,0.0013287642505019903,-0.005492081865668297,-0.0017737643793225288,-0.0006643657106906176,0.001309777027927339,0.002201864030212164,0.004884019959717989,0.007471728604286909,0.004678249359130859,0.00530243432149291,0.0029076971113681793,0.002894895151257515,-0.007788725662976503,-0.001397684682160616,0.0020389589481055737,0.0020470242016017437,0.0033725635148584843,0.0025188385043293238,0.003226812230423093,-0.0011432170867919922,0.004789916332811117,0.0023093402851372957,0.00704510323703289,0.0011027229484170675,0.0046991948038339615,0.005962342023849487,0.0004582041874527931,-0.0033260867930948734,0.0008019944652915001,0.0041053625755012035,0.0020464186090976,-0.005241252947598696
18,0.016563035547733307,0.014034934341907501,0.018797462806105614,0.015615543350577354,0.016061177477240562,0.01841864362359047,0.01659691147506237,0.0011497940868139267,0.002035751473158598,0.0022393623366951942,-0.003782506799325347,-0.0004965829430148005,0.01813271827995777,-0.0030875401571393013,0.007535652723163366,0.013640811666846275,0.012048638425767422,0.0121626490727067,0.017408255487680435,0.020999308675527573,0.010948650538921356,0.01136271096765995,0.005625976715236902,0.0012229331769049168,0.004583414178341627,-0.0046456120908260345,0.004460969939827919,0.009542398154735565,0.0030018233228474855,-0.005429085344076157,0.004406500607728958,-0.010395972058176994,-0.009138786233961582,-0.011816950514912605,-0.00803549773991108,-0.0003416212275624275,0.002279943320900202,0.0021359906531870365,0.0033624223433434963,0.00043851882219314575,-0.000995546579360962,0.006439553573727608,0.000542596448212862,-0.0027496209368109703,0.004262467846274376,0.010886495001614094,0.005621297284960747,0.009857410565018654,0.00855978298932314,0.009747044183313847,0.006613933481276035,0.004492046311497688,0.0006632436998188496,0.0005303360521793365,-0.00395800219848752,0.007081771269440651,-0.000912670511752367,-0.00314224511384964,-0.0016546724364161491,0.002558179199695587,-0.007552263792604208,-0.010454115457832813,-0.010415768250823021,-0.009290451183915138,-0.012835238128900528,-0.014169957488775253,-0.014084642753005028,-0.00707286037504673,-0.012845369055867195,-0.010442842729389668,-0.009492414072155952,-0.013563969172537327,-0.009332815185189247,-0.002623004140332341,-0.00594513863325119,-0.00787676777690649,-0.01300584152340889,-0.00516729848459363,-0.002839981112629175,0.004518851172178984,-0.0011400355724617839,-0.009949957951903343,-0.0033370302990078926,-0.0052987365052104,-0.013622649945318699,-0.002650234382599592,-0.00781090697273612,-0.0072828433476388454,-0.009045167826116085,-0.009083254262804985,-0.005681589711457491,-0.007289358414709568,-0.007698546629399061,-0.01032231841236353,0.013676833361387253,-0.0027071423828601837,-0.005448083393275738,-0.014178787358105183,0.002477419562637806,0.007101812865585089,0.0048669809475541115,0.0008647465147078037,0.0038691875524818897,0.008257444947957993,0.004926118068397045,0.000356216449290514,0.0012218481861054897,-0.0011471277102828026,-0.0009636152535676956,-0.004675799049437046,-0.01040688343346119,-0.010090508498251438,0.005747466813772917,0.00271806214004755,0.003150200005620718,0.008396212011575699,0.007754930295050144,0.00022357399575412273,0.000669116445351392,-0.002564728492870927,0.009643053635954857,-0.0027846386656165123,-0.0014103497378528118,0.004704564344137907,0.0038492614403367043,0.006928074639290571,0.008671751245856285,0.004953727126121521,0.008096836507320404,0.007246601395308971,-0.0030567850917577744,-0.006934559904038906,-0.004169288091361523,-0.008958611637353897,0.0021862636785954237,0.003928453661501408,0.0015641911886632442,0.003979949280619621,0.006580417975783348,0.008946566842496395,0.007772310636937618,0.015204261988401413,0.0051107220351696014,0.0012713433243334293,0.005546188447624445,0.013096758164465427,0.010494230315089226,-0.004128544591367245,-0.011708162724971771,-0.0032366029918193817,-0.009994280524551868,0.015382691286504269,0.01709890551865101,0.02009914256632328,0.007687476463615894,0.005909568630158901,0.010661860927939415,0.018500685691833496,0.007447807118296623,0.01628599315881729,-0.005376376677304506,-0.0075650885701179504,0.017757507041096687,-0.00811748392879963,-0.009676714427769184,-0.005785977467894554,-0.004078845959156752,0.006141992285847664,-0.004491904284805059,-0.003488929010927677,-0.013523243367671967,0.00039895297959446907,0.0013396157883107662,0.000720401294529438,0.006371684372425079,0.003175159450620413,-0.011306456290185452,0.0009475448168814182,-0.007562150713056326,-0.005063454620540142
19,-0.00764180812984705,-0.0048490045592188835,-0.0008993817609734833,-0.0026895683258771896,-0.0034587555564939976,-0.002080279402434826,-0.0010085017420351505,-0.0050656720995903015,-0.00166338961571455,-0.0035779625177383423,-0.004497424699366093,-0.002536860527470708,-0.008111136965453625,0.001432635821402073,0.001803260762244463,-0.005975500680506229,-0.00388101814314723,-0.0036846986040472984,4.913774318993092e-06,-0.0009749527089297771,-0.003689792938530445,-0.0030455223750323057,-0.003302572760730982,-0.0005269551184028387,-0.002295493148267269,-0.0004956679185852408,0.004476616159081459,-0.0019966468680649996,0.006983349099755287,0.003080562688410282,0.005275266710668802,0.0011343453079462051,0.003250621259212494,0.0009258724749088287,0.004070640541613102,-0.0023225778713822365,-1.765228807926178e-05,0.0003174366429448128,-0.002041672356426716,-0.0022718687541782856,-0.003027099184691906,0.0025184322148561478,-0.0037668277509510517,-0.00175651372410357,0.004324162378907204,9.362492710351944e-05,0.0024933787062764168,0.0005546780303120613,0.000453299842774868,-0.0012109014205634594,0.0006414316594600677,0.0001443326473236084,-0.0030669993720948696,0.001875455491244793,-0.004939710255712271,-0.0049940780736505985,-0.00027656531892716885,0.0007055109599605203,-0.00270848092623055,-0.005188911221921444,0.002775569912046194,0.0033571068197488785,-0.0009911812376230955,0.002234257757663727,0.002812312450259924,-0.004386259242892265,0.0004194995854049921,0.003286627121269703,0.003805557731539011,0.0013122090604156256,8.705072104930878e-05,0.0010683219879865646,-0.00016170553863048553,-0.003010806627571583,-0.0009191102581098676,0.0013955896720290184,-0.0009047251660376787,0.0006024669855833054,-0.0024055088870227337,-0.0035265213809907436,-0.004271507728844881,-0.00032453867606818676,-0.002214208012446761,0.00043107173405587673,-0.00037477421574294567,0.0017425375990569592,-0.0010559502989053726,0.0030374201014637947,0.0015099341981112957,0.0014287023805081844,-0.00010511878645047545,0.002058684825897217,0.0011993871303275228,0.004253373481333256,-0.0025026481598615646,0.00012947572395205498,-0.003910514991730452,0.0027028745971620083,-0.004355276003479958,0.0020493632182478905,0.002869542222470045,-0.001240958459675312,0.0017327768728137016,-0.0020516798831522465,0.001874606590718031,-0.002433665096759796,-0.0040324991568923,-0.0036872848868370056,-0.001917276531457901,-0.0022630817256867886,0.0005697922315448523,-0.00420829514041543,0.0006658155471086502,-0.002949874848127365,0.002904683817178011,0.0016715326346457005,-0.0010297829285264015,-0.001172997523099184,-6.536446744576097e-05,-2.012099139392376e-05,-0.00156174146104604,-0.0012647792464122176,-0.00021229847334325314,-0.0013099818024784327,-0.0026316982693970203,0.0011272686533629894,0.004112026654183865,0.002279106294736266,-1.793145202100277e-05,0.004055612720549107,0.00033117213752120733,0.0032816159073263407,0.0016602501273155212,0.0019149583531543612,0.0002480317489244044,0.0005983691662549973,0.0008870381861925125,-0.0005072527565062046,-0.0017478810623288155,0.0011948440223932266,0.005784767214208841,0.005562257021665573,0.006328224204480648,-0.0022390743251889944,-0.0029881824739277363,0.0003208935377188027,-0.0002537723630666733,0.0013161152601242065,-1.874007284641266e-05,0.004733734298497438,0.0016578924842178822,-0.0030130574014037848,0.00031959754414856434,-0.003071313723921776,0.007656562142074108,-0.003703190479427576,-0.002055760473012924,0.0023093954659998417,0.0023460553493350744,-0.000886717694811523,0.00543303182348609,0.0015642577782273293,-0.00048541254363954067,0.0028590955771505833,0.0025073473807424307,0.00014771702990401536,0.00045662838965654373,-0.0018402207642793655,-0.0021939189173281193,0.0006749629974365234,0.0008478788658976555,0.0008777452167123556,-0.0022450832184404135,-0.001444515772163868,-0.0012006131000816822,0.004018732346594334,0.001224825857207179,-0.00042268354445695877,-0.00010404502972960472,0.0020613414235413074
20,0.0019518714398145676,-0.01417582854628563,-0.014390707015991211,-0.010920211672782898,-0.0117704588919878,-0.008193804882466793,-0.011852694675326347,0.0007284302264451981,0.00010455213487148285,-0.011371366679668427,-0.012340791523456573,-0.002645928878337145,-0.012938964180648327,0.008271272294223309,0.0046427929773926735,-0.012144874781370163,-0.013194628059864044,-0.005391933489590883,-0.011352365836501122,-0.0078869154676795,-0.0041717947460711,-0.0033342214301228523,-0.01123326551169157,-0.00980210117995739,-0.008461752906441689,0.0027758062351495028,0.010304281488060951,-0.00604733731597662,0.016961676999926567,0.008385194465517998,0.014459432102739811,0.006222177296876907,0.006081515923142433,0.008217687718570232,0.010781414806842804,0.004654844291508198,0.0040765199810266495,-0.0007476340979337692,0.0021209046244621277,0.0011791680008172989,-0.00512896291911602,-0.010558088310062885,-0.007703837007284164,-0.004510510712862015,0.00883124116808176,0.007470639888197184,-0.010702738538384438,-0.007398432120680809,-0.01232611108571291,-0.009797942824661732,-0.00765007920563221,-0.005126608535647392,-4.325713962316513e-05,-0.0021067187190055847,-0.010013102553784847,-0.013179900124669075,-0.0037398673593997955,-0.0033982601016759872,-0.008345239795744419,-0.007852433249354362,-0.008723625913262367,0.006409832742065191,0.010906212963163853,-0.00952270906418562,-0.008722817525267601,-0.0024210656993091106,0.014154233038425446,0.013753147795796394,0.005459032952785492,0.00888075027614832,0.007453795988112688,0.008648362010717392,0.014613659121096134,-0.010316925123333931,-0.001022631535306573,-0.0033961529843509197,-0.00022607017308473587,-0.010180876590311527,-0.0024483278393745422,-0.004552129656076431,-0.0033605722710490227,0.003354692365974188,0.014224951155483723,0.005994205828756094,0.004998168908059597,0.0008306717500090599,0.006666275206953287,-0.003341522067785263,0.0037441730964928865,0.004993322305381298,-0.003007895313203335,-0.007530759554356337,-0.0033799188677221537,0.00126633420586586,-0.00177842378616333,-0.007166273891925812,-0.003492986783385277,0.01196545735001564,-0.013612588867545128,-0.0171092189848423,-0.01810181885957718,-0.012085160240530968,-0.007583976723253727,-0.017906587570905685,-0.015132995322346687,-0.004341954365372658,-0.0075127431191504,-0.016608258709311485,-0.005487099289894104,0.0027300810907036066,0.0005921188276261091,0.006133117247372866,-0.014263271354138851,-0.007833791896700859,-0.01051561813801527,-0.007604643702507019,-0.008657773956656456,0.0038160686381161213,0.005790837109088898,0.0032568639144301414,0.005649990402162075,-0.006289057433605194,-0.010204493999481201,-0.016989341005682945,-0.0037954954896122217,0.005312073975801468,0.0035191113129258156,0.003712849458679557,0.004224181175231934,0.005870101973414421,-0.006001882720738649,0.0019554258324205875,0.0004048505797982216,-0.002529141493141651,-0.001477189944125712,-0.006531615275889635,0.0011874008923768997,-0.005516966804862022,-0.0036722258664667606,0.003206091932952404,0.0038060792721807957,0.002686861902475357,0.004802718758583069,0.015519952401518822,0.007255475036799908,-0.009828334674239159,-0.0189159344881773,-0.0044758133590221405,0.013936485163867474,0.009533016011118889,0.015405944548547268,-0.003918817266821861,-0.007906428538262844,-0.005227204412221909,0.01445204857736826,-0.008235970512032509,-0.005368757992982864,-0.012850641272962093,-0.005903152748942375,-0.007637884933501482,0.011541811749339104,0.015898166224360466,-0.008751509711146355,0.00306165823712945,-0.014868305996060371,-0.010903304442763329,-0.008278746157884598,-0.00915288645774126,-0.010412134230136871,0.007903726771473885,0.0006579272449016571,-0.0005365647375583649,-0.009962479583919048,-0.013195560313761234,-0.014400085434317589,0.0027509317733347416,0.003823012113571167,-0.008296827785670757,0.0043299696408212185,-0.0023250386584550142
21,0.024394838139414787,-0.0026375185698270798,0.016391079872846603,0.026631072163581848,0.02055799774825573,0.019042864441871643,0.023809973150491714,0.007079295814037323,0.014617465436458588,0.0007797479629516602,-0.0028103473596274853,0.013731749728322029,0.009748140349984169,-0.011554746888577938,-0.016425300389528275,0.014021115377545357,-0.012451710179448128,0.006719896104186773,0.0007966115954332054,0.031828779727220535,0.022311680018901825,0.021142566576600075,0.02044174261391163,-0.0019388245418667793,-0.002541419118642807,-0.0005204568151384592,0.012896851636469364,0.004781383089721203,-0.011529048904776573,-0.0018458319827914238,0.014105331152677536,-0.021568331867456436,-0.011743311770260334,-0.0191449373960495,-0.00999779999256134,-0.005241905804723501,-0.004985434003174305,-0.004362093284726143,-0.002384727355092764,0.0036114268004894257,0.0005774181336164474,0.0009753303602337837,-0.0010322323068976402,-0.0016491995193064213,0.0029533877968788147,-0.002202996052801609,0.004242821130901575,-0.0005612992681562901,0.004575303755700588,-0.006790354382246733,0.017827410250902176,0.009447475895285606,0.007814898155629635,0.009746033698320389,-0.0009420644491910934,0.006947043351829052,-0.0041604479774832726,-0.008335509337484837,-0.007437453605234623,-0.010513676330447197,-0.015923572704195976,-0.018043169751763344,-0.00771728903055191,-0.015938380733132362,-0.0058493902906775475,0.0009281081147491932,-0.011167564429342747,-0.0067734988406300545,-0.00570976547896862,-0.004319863393902779,0.0008384862449020147,-0.004677238408476114,-0.017576541751623154,-0.0010083366651088,0.00036113173700869083,0.004489421844482422,-0.00887275394052267,-0.00377486739307642,0.008173310197889805,-0.006897653453052044,-0.004848361015319824,-0.005563573446124792,-0.016079971566796303,-0.01826167106628418,-0.015495634637773037,-0.015854565426707268,-0.0030575264245271683,0.004320584237575531,-0.011437807232141495,-0.004770995583385229,-0.011452620849013329,-0.0056799291633069515,-0.0017137714894488454,-0.003460874781012535,-0.014438444748520851,0.0033942842856049538,-0.010981461964547634,-0.011265686713159084,-0.0022887401282787323,0.003917597234249115,0.01195516437292099,0.002117021009325981,-0.012707497924566269,0.0009858878329396248,0.0014361562207341194,2.9644928872585297e-05,-0.007187003269791603,-0.008587365038692951,-0.01230733934789896,0.0032075857743620872,-0.012820967473089695,-0.008907756768167019,-0.0003824010491371155,-0.00015541724860668182,0.007227192632853985,0.006246243603527546,-0.0001948690041899681,-0.0028359913267195225,0.010279480367898941,-0.004412964917719364,0.026644594967365265,2.0488747395575047e-05,0.005672881845384836,0.004144903272390366,0.0019439100287854671,0.011114428751170635,0.011203011497855186,0.002977252472192049,0.0070711784064769745,-0.005977422930300236,0.0027974098920822144,0.0027321348898112774,-0.008195365779101849,-0.00391105841845274,0.0024127564392983913,0.001798100653104484,-0.004427948500961065,0.006522780284285545,-0.00680187065154314,0.010420603677630424,0.01649574004113674,0.007466753013432026,0.002296742983162403,-0.023871518671512604,-0.015420462936162949,-0.004431265871971846,-0.0004729153588414192,-0.013133928179740906,-0.026898019015789032,-0.001994730904698372,-0.010306340642273426,0.006278649903833866,0.030535336583852768,0.013521187007427216,0.012584488838911057,0.011932719498872757,-0.0027751903980970383,0.017095467075705528,0.0178576298058033,0.013170304708182812,-0.00513796228915453,-0.01472923718392849,0.007587668020278215,-0.0024404905270785093,-0.00781949982047081,-0.010348075069487095,-0.008463067933917046,0.011834247037768364,-0.004828465636819601,0.0005975908134132624,-0.005423812661319971,0.004885346628725529,-0.007736848201602697,-0.00023417267948389053,0.0007861698977649212,0.0012114280834794044,-0.009220373816788197,-0.008836006745696068,-0.016440246254205704,-0.014332118444144726
22,0.006734082940965891,0.007896855473518372,0.007932089269161224,0.010946841910481453,0.011681407690048218,0.009145382791757584,0.003002358600497246,0.0009678129572421312,-0.004819613881409168,-0.010766616091132164,-0.010555361397564411,-0.008858246728777885,0.007195021957159042,0.006373751908540726,0.007248292677104473,0.012348688207566738,0.005699322558939457,0.0021214543376117945,-0.0012748311273753643,0.007538159843534231,0.0016526496037840843,-0.0023242125753313303,0.008748064748942852,-0.0007341625168919563,-0.002446480793878436,-0.009475150145590305,-0.0034768646582961082,-0.004216416738927364,0.0005814771866425872,0.006082340143620968,0.011463714763522148,0.0025752747897058725,0.005651636980473995,0.002214680425822735,0.0031935344450175762,0.006114216521382332,-0.0027713458985090256,-0.004475741181522608,0.00018064118921756744,0.0006795751396566629,-0.0012782630510628223,0.0023207564372569323,-0.0069304946810007095,-0.006978964898735285,-0.008147571235895157,-0.000879053957760334,0.000861829612404108,-0.0003478182479739189,-0.001912974752485752,0.004314376041293144,0.002299731597304344,0.0022029969841241837,-0.003289908869192004,-0.0025840168818831444,-0.004814112093299627,-0.0032203870359808207,-0.004145481623709202,0.0011455665808171034,-0.0037408219650387764,-0.005799861159175634,-0.00035353476414456964,-0.008854265324771404,-0.007833126932382584,-0.0025988752022385597,-0.0031033502891659737,-0.001815007533878088,-0.006789283361285925,-0.004246452823281288,-0.0060310810804367065,-0.010037305764853954,-0.0062220171093940735,-0.004824710078537464,-0.0055060251615941525,-0.007267528213560581,-0.005697113461792469,-0.010189317166805267,-0.007966410368680954,-0.004304097034037113,-0.007756299339234829,-0.008950047194957733,-0.0058731804601848125,-0.008863275870680809,-0.006344374269247055,-0.010251853615045547,-0.008284183219075203,-0.00679996982216835,-0.0050332448445260525,-0.0017694518901407719,-0.0023780616465955973,0.00024118926376104355,-0.007628456689417362,-0.003011790569871664,-0.0030763396061956882,0.003014509566128254,0.0024385666474699974,-0.006248523015528917,-0.0045520104467868805,-0.0026869538705796003,0.007119201123714447,0.0022197850048542023,0.0059624891728162766,0.004014655482023954,0.0025244439020752907,-0.0003107876982539892,0.002303493907675147,-0.0010844612261280417,-0.00434253690764308,0.0017136672977358103,-0.0024434966035187244,-0.00033577735302969813,-0.005668476223945618,0.001236272626556456,0.005716930143535137,0.0021442738361656666,0.00594155490398407,0.0005679981550201774,0.001233288086950779,-0.0010735089890658855,0.0040389057248830795,0.0024060499854385853,0.008437931537628174,-0.001736537553369999,-0.0007347068749368191,-0.005595887079834938,-0.00021991116227582097,0.007267475128173828,0.004521620459854603,0.0008477834053337574,-0.004113996867090464,-0.006276112049818039,0.00020150537602603436,0.0002073538489639759,-0.004969899542629719,-0.0021216843742877245,-0.0019207242876291275,0.002041206229478121,-0.001713952049612999,0.007631978485733271,-0.012488885782659054,-0.006177473347634077,-0.00763446930795908,0.002993226982653141,0.0023378138430416584,-0.0017581189749762416,0.0008333644946105778,0.00201657903380692,-8.89296643435955e-05,-0.007789103779941797,-0.0007120419759303331,-0.0050764381885528564,-0.001922139199450612,0.007940256036818027,0.011944513767957687,0.006160307675600052,0.008292919024825096,0.008619364351034164,0.008946137502789497,0.007062006276100874,0.004164076875895262,0.007654916029423475,0.0026407286059111357,0.0018735246267169714,0.006227959878742695,0.0018730860901996493,-0.004334647208452225,-0.0030857969541102648,-0.0020247509237378836,0.004584248177707195,-0.006268234923481941,-0.003384837182238698,-0.012067914009094238,-0.003451259108260274,0.0013686504680663347,-0.0013728509657084942,-0.0013673879439011216,-0.00028879987075924873,-0.003540395526215434,-0.003198562888428569,-0.005831690039485693,-0.007047325372695923
23,0.00018943531904369593,0.004045507870614529,0.00680961087346077,0.004789680242538452,0.008745302446186543,0.010522044263780117,0.01109819021075964,-0.002262328052893281,-0.0022001590114086866,0.0035019158385694027,-0.0024754987098276615,-0.0036913054063916206,0.009043450467288494,-0.0018726395210251212,-0.0013028441462665796,0.00844616536051035,-0.002084291074424982,0.005994846578687429,0.011732928454875946,0.008549473248422146,0.006525099743157625,0.001823660684749484,0.006681486032903194,0.0009476861450821161,0.0020711689721792936,-0.0060681672766804695,0.0016115233302116394,0.001989964162930846,-0.007971822284162045,-0.005229585338383913,-0.001472563948482275,-0.0001367110526189208,-0.0021449923515319824,-0.00510936975479126,-0.005745928734540939,-0.0002869437448680401,0.0047478703781962395,0.0020236377604305744,-0.0005815865006297827,-0.0020479171071201563,0.0014623948372900486,0.004050437826663256,-9.654462337493896e-05,-0.002271209144964814,-0.0002844578120857477,-0.007616756949573755,-0.003872334025800228,0.001830583089031279,-0.0023001404479146004,-0.0020265313796699047,-0.0005581919103860855,0.00043083238415420055,-0.00111245340667665,-0.005058664828538895,-7.92450737208128e-05,-0.0035048802383244038,0.0007504139211960137,0.004278752952814102,0.003815792268142104,0.001196185708977282,-0.001878146082162857,-0.004306072369217873,-0.003920433111488819,0.00023707555374130607,-0.0025296795647591352,0.0010492501314729452,-0.006043054163455963,-0.008402068167924881,-0.0037190024740993977,-0.004746738355606794,-0.006438090465962887,-0.0008260614704340696,-0.004935423843562603,-0.003137191291898489,-0.002961469581350684,-0.0009250990115106106,-0.00023768452228978276,-0.0037668345030397177,0.0003397220280021429,-0.004250200930982828,-0.0005847073625773191,-0.002841982524842024,-0.0036938367411494255,0.0025030914694070816,-0.001818302203901112,-0.003995017614215612,-0.003446112386882305,-0.001044315518811345,-0.0015924912877380848,0.0023765363730490208,0.0018648471450433135,0.002935107098892331,0.0009532046969980001,0.0013005719520151615,-0.003335666609928012,-0.008359539322555065,-0.01002837810665369,-0.009916437789797783,0.002818682696670294,0.003650330938398838,0.0025985497049987316,0.00576111301779747,0.0021993047557771206,0.002922161016613245,0.004571131430566311,0.0028290110640227795,0.0006439259741455317,0.005045165307819843,0.0012967826332896948,0.000988710206001997,-0.0024518577847629786,-0.005070899613201618,0.0032146561425179243,0.005752012133598328,0.0020249239169061184,-0.0046935235150158405,-0.004889681935310364,0.00068969267886132,0.002632564166560769,0.0006901681190356612,0.00119602435734123,0.006305452436208725,0.0050485748797655106,0.0007186349248513579,0.00310704973526299,0.0053682588040828705,0.0028230012394487858,-2.5637447834014893e-05,-6.564101204276085e-05,2.9932241886854172e-05,0.0009811623021960258,-0.004456411115825176,-0.00047553161857649684,0.0007381734321825206,0.002762489952147007,-0.001125980168581009,0.0048303669318556786,-0.0044913524761796,0.0038298815488815308,-0.0008432712056674063,0.00460028788074851,0.001134876860305667,0.0005952705396339297,-0.0022518495097756386,-0.005567633546888828,0.003427227959036827,-0.0007770967204123735,-0.0012547237565740943,-0.00644345348700881,-0.00798603892326355,-0.007947487756609917,0.004643922671675682,0.0071155293844640255,0.007542239036411047,0.0005902702687308192,0.004181735683232546,-0.0014738747850060463,0.009101220406591892,0.009529165923595428,0.007751432713121176,-0.0018735642079263926,-0.0020884086843580008,0.006379344500601292,-0.0011950059561058879,-0.00216764397919178,0.005698188208043575,0.0014609588542953134,0.0019449414685368538,0.004114694893360138,-0.0014213885879144073,-0.00037814630195498466,0.003902080934494734,-4.1786814108490944e-05,-0.002836790634319186,0.0035231509245932102,-0.00107490923255682,-0.0004436799790710211,0.0019095615716651082,-0.004672320559620857,-0.00048663467168807983
24,-0.005622419528663158,-0.0066269440576434135,-0.01948925107717514,-0.005043428391218185,-0.006426844745874405,-0.001249503344297409,-0.003111211583018303,0.018067896366119385,0.010127352550625801,0.023769695311784744,0.009525813162326813,0.03029591217637062,-0.013659456744790077,-0.005107857286930084,-0.01379458699375391,-0.01192301232367754,-0.01418713852763176,0.008270417340099812,-0.012885977514088154,-0.006594007834792137,0.001580849289894104,-0.0009314361959695816,-0.0021462123841047287,-0.010466471314430237,-0.008714196272194386,0.018741533160209656,0.025398969650268555,0.0037768827751278877,0.01213919185101986,0.009284060448408127,-0.01198318600654602,0.015760239213705063,-0.012690478935837746,0.013620852492749691,0.0034625232219696045,0.02337842807173729,0.010977042838931084,0.0071005262434482574,0.019302956759929657,0.014360478147864342,0.01170136034488678,0.021720565855503082,0.019593719393014908,0.024064926430583,0.018043633550405502,0.01115089189261198,0.024700772017240524,0.025981523096561432,0.025612331926822662,0.010548175312578678,0.027246620506048203,0.025211362168192863,0.008550509810447693,0.01593194529414177,0.013957921415567398,0.024277713149785995,0.019411642104387283,0.00896380003541708,0.005959575064480305,0.003037167713046074,0.0002657495206221938,-0.006678056437522173,0.004837174899876118,-0.005177524406462908,0.002692804206162691,-0.009201905690133572,0.021150335669517517,0.01639505662024021,-0.002430485561490059,0.019061753526329994,0.01080668717622757,-0.010012219659984112,0.013617618009448051,0.014304895885288715,0.008846841752529144,-0.00025165622355416417,-0.008795074187219143,0.010046297684311867,0.014289814047515392,0.007782442960888147,0.024816397577524185,0.010445465333759785,0.013319994322955608,0.004355775658041239,-0.010134748183190823,0.0010807234793901443,0.001346126082353294,-0.0013097284827381372,-0.011925967410206795,-0.0098330769687891,-0.0074671003967523575,0.0016307564219459891,0.004067183472216129,-0.0011777428444474936,0.010886241681873798,0.02597736567258835,0.03300479054450989,0.02039201743900776,0.005152135156095028,0.003086404874920845,-0.0036668069660663605,-0.005481260363012552,-0.014039017260074615,-0.01413523219525814,-0.004536009393632412,-0.005784341134130955,-0.0004522365052253008,0.002743113785982132,-0.0004999041557312012,-0.0022780473809689283,-0.004243576433509588,-0.008065404370427132,0.005342216696590185,0.006798421032726765,0.005806197412312031,0.016877181828022003,0.015808304771780968,-7.92092178016901e-05,-0.0038881476502865553,-0.004146614111959934,-0.009336106479167938,0.005294466856867075,-0.005989131052047014,-0.007236972451210022,0.005033399909734726,-0.004676970653235912,-0.005267975851893425,0.008327110670506954,0.004465716890990734,-0.00294870906509459,0.0029075280763208866,0.0023952224291861057,-0.009423639625310898,-0.00023263611365109682,0.010123972781002522,0.006114169955253601,-0.011114898137748241,-0.011389702558517456,0.006188458763062954,-0.010317741893231869,-0.016996195539832115,-0.0028689270839095116,-0.015906138345599174,0.00377102755010128,-0.0027306126430630684,-0.005176478065550327,0.013731402345001698,0.010900270193815231,0.0066204313188791275,-0.0017171925865113735,-0.010864272713661194,-0.006896394770592451,0.0011207442730665207,-0.0007041459903120995,-0.003491363488137722,0.005790598690509796,-0.012351064011454582,-0.007859863340854645,-0.015856599435210228,-0.00877887848764658,0.01123000867664814,0.0157102569937706,0.008014366030693054,0.008081145584583282,0.010208826512098312,0.00619078241288662,-0.010695422068238258,-0.0019194139167666435,0.004201524890959263,-0.010623516514897346,0.0023209557402879,0.008222410455346107,-0.01353565976023674,-0.01166898850351572,-0.0021482084412127733,0.013394058682024479,-0.007782298605889082,-0.0076137264259159565,-0.0028282590210437775,-0.004555734805762768
